{
  "input_X_path": "/Users/skku_aws2_18/pre_project/say2_preproject/Improving GroupCV/v3_input_reproduction/exact_repo_match/X_train_exact_repo_numeric.npy",
  "input_y_path": "/Users/skku_aws2_18/pre_project/say2_preproject/Improving GroupCV/v3_input_reproduction/exact_repo_match/y_train_exact_repo.npy",
  "input_keys_path": "/Users/skku_aws2_18/pre_project/say2_preproject/Improving GroupCV/v3_input_reproduction/exact_repo_match/features_slim_exact_repo.parquet",
  "folds": 3,
  "rows": 6366,
  "feature_dim": 5529,
  "models": [
    {
      "model": "RandomForest",
      "fold_metrics": [
        {
          "spearman": 0.5297604912269127,
          "rmse": 2.3310705095005417,
          "mae": 1.7006531198399168,
          "pearson": 0.5674148291114994,
          "r2": 0.3060764482793771,
          "ndcg@20": 0.8323689160481896,
          "train_spearman": 0.8936433398643076,
          "train_rmse": 1.1879820550544113,
          "train_mae": 0.9231979135448215,
          "gap_spearman": 0.36388284863739484,
          "gap_rmse": 1.1430884544461304,
          "gap_mae": 0.7774552062950953,
          "fold": 0
        },
        {
          "spearman": 0.5576137084727466,
          "rmse": 2.258312699013669,
          "mae": 1.6898421060592819,
          "pearson": 0.561861877586641,
          "r2": 0.30381391155239723,
          "ndcg@20": 0.8047560900297828,
          "train_spearman": 0.9008202586090686,
          "train_rmse": 1.166392420884155,
          "train_mae": 0.90973897438634,
          "gap_spearman": 0.34320655013632195,
          "gap_rmse": 1.0919202781295139,
          "gap_mae": 0.7801031316729419,
          "fold": 1
        },
        {
          "spearman": 0.567828034614505,
          "rmse": 2.08268854525572,
          "mae": 1.5727609187916276,
          "pearson": 0.6035963375496585,
          "r2": 0.35620353870485566,
          "ndcg@20": 0.9027503436348633,
          "train_spearman": 0.9009277156230492,
          "train_rmse": 1.1872412631831,
          "train_mae": 0.9280728935870973,
          "gap_spearman": 0.33309968100854415,
          "gap_rmse": 0.8954472820726198,
          "gap_mae": 0.6446880252045303,
          "fold": 2
        }
      ],
      "summary": {
        "spearman_mean": 0.5517340781047214,
        "spearman_std": 0.019703096326212508,
        "rmse_mean": 2.22402391792331,
        "rmse_std": 0.12769177899154632,
        "mae_mean": 1.654418714896942,
        "mae_std": 0.07092401746463681,
        "pearson_mean": 0.5776243480825997,
        "pearson_std": 0.022663119717221604,
        "r2_mean": 0.32203129951221,
        "r2_std": 0.029615641419523143,
        "ndcg@20_mean": 0.8466251165709453,
        "ndcg@20_std": 0.050528683684744564,
        "train_spearman_mean": 0.8984637713654751,
        "train_spearman_std": 0.004174961873544442,
        "train_rmse_mean": 1.180538579707222,
        "train_rmse_std": 0.012256530921705797,
        "train_mae_mean": 0.9203365938394197,
        "train_mae_std": 0.00949597341810546,
        "gap_spearman_mean": 0.3467296932607537,
        "gap_spearman_std": 0.01569108840784804,
        "gap_rmse_mean": 1.043485338216088,
        "gap_rmse_std": 0.13073253274125982,
        "gap_mae_mean": 0.7340821210575226,
        "gap_mae_std": 0.07742887805742849
      },
      "overall_metrics": {
        "spearman": 0.5493757825646706,
        "rmse": 2.226496696472168,
        "mae": 1.6544520854949951,
        "pearson": 0.5743887424468994,
        "r2": 0.32286782253498925,
        "ndcg@20": 0.8851718841947692
      },
      "elapsed_sec": 22.545682907104492,
      "oof_path": "/Users/skku_aws2_18/pre_project/say2_preproject/Improving GroupCV/results/exact_repo_slim_numeric_ml_groupcv_rf_et_oof_v1_oof/RandomForest.npy"
    },
    {
      "model": "ExtraTrees",
      "fold_metrics": [
        {
          "spearman": 0.5012555597711065,
          "rmse": 2.34852785607517,
          "mae": 1.6944991017948714,
          "pearson": 0.552629728916606,
          "r2": 0.2956439668109825,
          "ndcg@20": 0.8368268764454676,
          "train_spearman": 0.9646033524097845,
          "train_rmse": 0.7033840302033428,
          "train_mae": 0.5293465312927477,
          "gap_spearman": 0.463347792638678,
          "gap_rmse": 1.6451438258718274,
          "gap_mae": 1.1651525705021237,
          "fold": 0
        },
        {
          "spearman": 0.47554225282362583,
          "rmse": 2.325182767778903,
          "mae": 1.7457140929647772,
          "pearson": 0.5165950822266244,
          "r2": 0.26197448116071476,
          "ndcg@20": 0.8182063624887769,
          "train_spearman": 0.9636651529918169,
          "train_rmse": 0.7087745623890614,
          "train_mae": 0.5326854216398649,
          "gap_spearman": 0.48812290016819104,
          "gap_rmse": 1.6164082053898414,
          "gap_mae": 1.2130286713249123,
          "fold": 1
        },
        {
          "spearman": 0.5329246368017129,
          "rmse": 2.1297756452973036,
          "mae": 1.5860626911622362,
          "pearson": 0.5727699215138364,
          "r2": 0.32676351911121404,
          "ndcg@20": 0.9062402235639437,
          "train_spearman": 0.9676066078039586,
          "train_rmse": 0.7017767946245137,
          "train_mae": 0.5304427761867423,
          "gap_spearman": 0.4346819710022457,
          "gap_rmse": 1.4279988506727899,
          "gap_mae": 1.055619914975494,
          "fold": 2
        }
      ],
      "summary": {
        "spearman_mean": 0.5032408164654817,
        "spearman_std": 0.028742658729823102,
        "rmse_mean": 2.267828756383792,
        "rmse_std": 0.12012595222258972,
        "mae_mean": 1.6754252953072948,
        "mae_std": 0.08151687000138827,
        "pearson_mean": 0.5473315775523556,
        "pearson_std": 0.028459725018785857,
        "r2_mean": 0.2947939890276371,
        "r2_std": 0.03240288114214451,
        "ndcg@20_mean": 0.8537578208327293,
        "ndcg@20_std": 0.04639485782211062,
        "train_spearman_mean": 0.9652917044018533,
        "train_spearman_std": 0.0020589166709164314,
        "train_rmse_mean": 0.7046451290723059,
        "train_rmse_std": 0.0036653739494915127,
        "train_mae_mean": 0.5308249097064516,
        "train_mae_std": 0.0017019302887257722,
        "gap_spearman_mean": 0.4620508879363716,
        "gap_spearman_std": 0.026744059132544656,
        "gap_rmse_mean": 1.563183627311486,
        "gap_rmse_std": 0.1179517988301232,
        "gap_mae_mean": 1.1446003856008433,
        "gap_mae_std": 0.0806918420413734
      },
      "overall_metrics": {
        "spearman": 0.4999502661147373,
        "rmse": 2.2700014114379883,
        "mae": 1.6754915714263916,
        "pearson": 0.5442507863044739,
        "r2": 0.2961475058274121,
        "ndcg@20": 0.8855041562266858
      },
      "elapsed_sec": 33.63697791099548,
      "oof_path": "/Users/skku_aws2_18/pre_project/say2_preproject/Improving GroupCV/results/exact_repo_slim_numeric_ml_groupcv_rf_et_oof_v1_oof/ExtraTrees.npy"
    }
  ],
  "oof_dir": "/Users/skku_aws2_18/pre_project/say2_preproject/Improving GroupCV/results/exact_repo_slim_numeric_ml_groupcv_rf_et_oof_v1_oof",
  "keys_path": "/Users/skku_aws2_18/pre_project/say2_preproject/Improving GroupCV/results/exact_repo_slim_numeric_ml_groupcv_rf_et_oof_v1_oof/keys.parquet"
}