{
  "input_features_path": "/Users/skku_aws2_18/pre_project/say2_preproject/Improving GroupCV/v3_input_reproduction/exact_repo_match/features_slim_exact_repo.parquet",
  "input_X_path": "/Users/skku_aws2_18/pre_project/say2_preproject/Improving GroupCV/v3_input_reproduction/exact_repo_match/X_train_exact_repo_numeric.npy",
  "input_y_path": "/Users/skku_aws2_18/pre_project/say2_preproject/Improving GroupCV/v3_input_reproduction/exact_repo_match/y_train_exact_repo.npy",
  "device": "cpu",
  "folds": 3,
  "context_mode": "none",
  "models": [
    "FlatMLP",
    "ResidualMLP",
    "CrossAttention"
  ],
  "n_rows": 6366,
  "x_shape": [
    6366,
    5529
  ],
  "sample_dim_detected": 4415,
  "strong_context_columns": [],
  "smiles_vocab_size": 38,
  "smiles_observed_max_len": 244,
  "context_summary": {
    "match_rate": 0.0,
    "column_non_missing_rate": {}
  },
  "ensemble_types": [
    "equal_weight_mean",
    "spearman_weighted"
  ],
  "base_model_metrics": {
    "FlatMLP": {
      "spearman_mean": 0.5887072268050672,
      "spearman_std": 0.02030485694554886,
      "rmse_mean": 2.0452107061022766,
      "rmse_std": 0.028540618631852248,
      "mae_mean": 1.5809888044993083,
      "mae_std": 0.011738184846233346,
      "pearson_mean": 0.6582605044047037,
      "r2_mean": 0.4248310724894206,
      "ndcg@20_mean": 0.8253181132334363,
      "fold_metrics": [
        {
          "rmse": 2.0351687850126807,
          "mae": 1.578757405281067,
          "spearman": 0.6118773965928354,
          "pearson": 0.6937816143035889,
          "r2": 0.4710657596588135,
          "ndcg@20": 0.8287125561675982,
          "train_spearman": 0.8709458399273641,
          "train_rmse": 1.1879274201394225,
          "train_mae": 0.9198641777038574,
          "gap_spearman": 0.2590684433345287,
          "gap_rmse": 0.8472413648732582,
          "gap_mae": 0.6588932275772095,
          "fold": 0
        },
        {
          "rmse": 2.0774150582219235,
          "mae": 1.5936825275421143,
          "spearman": 0.580227723915204,
          "pearson": 0.6479275226593018,
          "r2": 0.41088002920150757,
          "ndcg@20": 0.8535719158822093,
          "train_spearman": 0.9642303811433547,
          "train_rmse": 0.6078631156890812,
          "train_mae": 0.45632970333099365,
          "gap_spearman": 0.38400265722815063,
          "gap_rmse": 1.4695519425328423,
          "gap_mae": 1.1373528242111206,
          "fold": 1
        },
        {
          "rmse": 2.023048275072225,
          "mae": 1.5705264806747437,
          "spearman": 0.574016559907162,
          "pearson": 0.6330723762512207,
          "r2": 0.3925474286079407,
          "ndcg@20": 0.7936698676505017,
          "train_spearman": 0.9117819226521642,
          "train_rmse": 0.9355725501883617,
          "train_mae": 0.7229997515678406,
          "gap_spearman": 0.33776536274500213,
          "gap_rmse": 1.0874757248838636,
          "gap_mae": 0.8475267291069031,
          "fold": 2
        }
      ]
    },
    "ResidualMLP": {
      "spearman_mean": 0.5413975904483282,
      "spearman_std": 0.02194461059186519,
      "rmse_mean": 2.180031948694077,
      "rmse_std": 0.06467307293273697,
      "mae_mean": 1.6473418076833088,
      "mae_std": 0.038525244893651445,
      "pearson_mean": 0.5918976863225301,
      "r2_mean": 0.34746813774108887,
      "ndcg@20_mean": 0.8109523421777775,
      "fold_metrics": [
        {
          "rmse": 2.20270734575238,
          "mae": 1.69070565700531,
          "spearman": 0.5665368877447008,
          "pearson": 0.6215283870697021,
          "r2": 0.380395770072937,
          "ndcg@20": 0.8456987478782145,
          "train_spearman": 0.8705601623869978,
          "train_rmse": 1.2260806358105667,
          "train_mae": 0.9654539227485657,
          "gap_spearman": 0.30402327464229706,
          "gap_rmse": 0.9766267099418131,
          "gap_mae": 0.7252517342567444,
          "fold": 0
        },
        {
          "rmse": 2.230313858559895,
          "mae": 1.634255051612854,
          "spearman": 0.5260751736275477,
          "pearson": 0.5686687231063843,
          "r2": 0.32096970081329346,
          "ndcg@20": 0.820433952853348,
          "train_spearman": 0.8635985469174677,
          "train_rmse": 1.1303518998100437,
          "train_mae": 0.8475714921951294,
          "gap_spearman": 0.33752337328992,
          "gap_rmse": 1.0999619587498513,
          "gap_mae": 0.7866835594177246,
          "fold": 1
        },
        {
          "rmse": 2.1070746417699566,
          "mae": 1.6170647144317627,
          "spearman": 0.5315807099727361,
          "pearson": 0.5854959487915039,
          "r2": 0.34103894233703613,
          "ndcg@20": 0.7667243258017696,
          "train_spearman": 0.8267257985314521,
          "train_rmse": 1.4487867508341938,
          "train_mae": 1.1094591617584229,
          "gap_spearman": 0.295145088558716,
          "gap_rmse": 0.6582878909357628,
          "gap_mae": 0.5076055526733398,
          "fold": 2
        }
      ]
    },
    "CrossAttention": {
      "spearman_mean": 0.5782584337419524,
      "spearman_std": 0.004219770162136593,
      "rmse_mean": 2.1476798731723825,
      "rmse_std": 0.08903172188221588,
      "mae_mean": 1.6052846511205037,
      "mae_std": 0.044292409543148926,
      "pearson_mean": 0.6184587677319845,
      "r2_mean": 0.36634087562561035,
      "ndcg@20_mean": 0.819193002271483,
      "fold_metrics": [
        {
          "rmse": 2.147793649085385,
          "mae": 1.6151187419891357,
          "spearman": 0.5830929606421852,
          "pearson": 0.6444942355155945,
          "r2": 0.4109042286872864,
          "ndcg@20": 0.8057106826584872,
          "train_spearman": 0.8679920493632111,
          "train_rmse": 1.1435604730552569,
          "train_mae": 0.8586995601654053,
          "gap_spearman": 0.2848990887210259,
          "gap_rmse": 1.0042331760301282,
          "gap_mae": 0.7564191818237305,
          "fold": 0
        },
        {
          "rmse": 2.23665465257415,
          "mae": 1.6438335180282593,
          "spearman": 0.5753148885617217,
          "pearson": 0.5894374847412109,
          "r2": 0.31710320711135864,
          "ndcg@20": 0.8162722713887447,
          "train_spearman": 0.5870428476930319,
          "train_rmse": 2.2236611184792583,
          "train_mae": 1.6582087278366089,
          "gap_spearman": 0.011727959131310195,
          "gap_rmse": 0.012993534094891679,
          "gap_mae": -0.01437520980834961,
          "fold": 1
        },
        {
          "rmse": 2.058591317857612,
          "mae": 1.5569016933441162,
          "spearman": 0.57636745202195,
          "pearson": 0.621444582939148,
          "r2": 0.37101519107818604,
          "ndcg@20": 0.8355960527672169,
          "train_spearman": 0.8660407213662676,
          "train_rmse": 1.2284239718115155,
          "train_mae": 0.9119177460670471,
          "gap_spearman": 0.2896732693443176,
          "gap_rmse": 0.8301673460460965,
          "gap_mae": 0.6449839472770691,
          "fold": 2
        }
      ]
    }
  },
  "equal_fold_metrics": [
    {
      "rmse": 2.0701783334695936,
      "mae": 1.5844976902008057,
      "spearman": 0.6143665242970421,
      "pearson": 0.673253059387207,
      "r2": 0.45271146297454834,
      "ndcg@20": 0.8364461513746477,
      "fold": 0
    },
    {
      "rmse": 2.0691015768804633,
      "mae": 1.5520371198654175,
      "spearman": 0.6194693093899561,
      "pearson": 0.6548886299133301,
      "r2": 0.4155856966972351,
      "ndcg@20": 0.8223941285291794,
      "fold": 1
    },
    {
      "rmse": 2.0115664526316976,
      "mae": 1.545966386795044,
      "spearman": 0.5883201626808232,
      "pearson": 0.6324788331985474,
      "r2": 0.3994230031967163,
      "ndcg@20": 0.8109145048265199,
      "fold": 2
    }
  ],
  "weights": {
    "FlatMLP": 0.34605661517858993,
    "ResidualMLP": 0.3155071587596064,
    "CrossAttention": 0.33843622606180374
  },