{
  "input_X_path": "/Users/skku_aws2_18/pre_project/say2_preproject/Improving GroupCV/v3_input_reproduction/exact_repo_match/X_train_exact_repo_numeric.npy",
  "input_y_path": "/Users/skku_aws2_18/pre_project/say2_preproject/Improving GroupCV/v3_input_reproduction/exact_repo_match/y_train_exact_repo.npy",
  "input_keys_path": "/Users/skku_aws2_18/pre_project/say2_preproject/Improving GroupCV/v3_input_reproduction/exact_repo_match/features_slim_exact_repo.parquet",
  "folds": 3,
  "rows": 6366,
  "feature_dim": 5529,
  "models": [
    {
      "model": "LightGBM",
      "fold_metrics": [
        {
          "spearman": 0.5719089698156308,
          "rmse": 2.282967895009489,
          "mae": 1.6298450770156745,
          "pearson": 0.5856359034469472,
          "r2": 0.3344197666035039,
          "ndcg@20": 0.8432294704516307,
          "train_spearman": 0.9904333355742015,
          "train_rmse": 0.2836272182085797,
          "train_mae": 0.2069712173221525,
          "gap_spearman": 0.41852436575857077,
          "gap_rmse": 1.9993406768009092,
          "gap_mae": 1.422873859693522,
          "fold": 0
        },
        {
          "spearman": 0.5446627292643444,
          "rmse": 2.202887416909793,
          "mae": 1.6659371137375054,
          "pearson": 0.6062634041331764,
          "r2": 0.33756725546635613,
          "ndcg@20": 0.8131374551698182,
          "train_spearman": 0.9908830503522417,
          "train_rmse": 0.2895009596334437,
          "train_mae": 0.20860077814838976,
          "gap_spearman": 0.4462203210878972,
          "gap_rmse": 1.9133864572763493,
          "gap_mae": 1.4573363355891156,
          "fold": 1
        },
        {
          "spearman": 0.5688448524149852,
          "rmse": 2.1418203233074395,
          "mae": 1.6435234085053552,
          "pearson": 0.5850515842615933,
          "r2": 0.31912717851028993,
          "ndcg@20": 0.7793118037728165,
          "train_spearman": 0.99324151471854,
          "train_rmse": 0.2704594650529895,
          "train_mae": 0.19486331551904032,
          "gap_spearman": 0.4243966623035549,
          "gap_rmse": 1.87136085825445,
          "gap_mae": 1.448660092986315,
          "fold": 2
        }
      ],
      "summary": {
        "spearman_mean": 0.5618055171649868,
        "spearman_std": 0.014924931712273999,
        "rmse_mean": 2.2092252117422406,
        "rmse_std": 0.07078689837710042,
        "mae_mean": 1.646435199752845,
        "mae_std": 0.018221352169480093,
        "pearson_mean": 0.5923169639472389,
        "pearson_std": 0.012081504567831804,
        "r2_mean": 0.33037140019338335,
        "r2_std": 0.00986413009237791,
        "ndcg@20_mean": 0.8118929097980884,
        "ndcg@20_std": 0.03197700264725757,
        "train_spearman_mean": 0.9915193002149945,
        "train_spearman_std": 0.0015083361503869458,
        "train_rmse_mean": 0.2811958809650043,
        "train_rmse_std": 0.009750804046762714,
        "train_mae_mean": 0.20347843699652754,
        "train_mae_std": 0.007505271858866794,
        "gap_spearman_mean": 0.4297137830500077,
        "gap_spearman_std": 0.014593502498553257,
        "gap_rmse_mean": 1.9280293307772363,
        "gap_rmse_std": 0.0652343375613517,
        "gap_mae_mean": 1.4429567627563173,
        "gap_mae_std": 0.01792516507588966
      },
      "overall_metrics": {
        "spearman": 0.558648367214203,
        "rmse": 2.209974527359009,
        "mae": 1.6464537382125854,
        "pearson": 0.5891131162643433,
        "r2": 0.3328801219411893,
        "ndcg@20": 0.8312437211523808
      },
      "elapsed_sec": 179.28625202178955,
      "oof_path": "/Users/skku_aws2_18/pre_project/say2_preproject/Improving GroupCV/results/exact_repo_slim_numeric_ml_groupcv_oof_v1_oof/LightGBM.npy"
    },
    {
      "model": "LightGBM_DART",
      "fold_metrics": [
        {
          "spearman": 0.5443990497774115,
          "rmse": 2.297992378750149,
          "mae": 1.6878026503827799,
          "pearson": 0.5707081303887986,
          "r2": 0.3256304139275613,
          "ndcg@20": 0.8520744711632684,
          "train_spearman": 0.924273726486551,
          "train_rmse": 0.905975901974837,
          "train_mae": 0.7099622493713357,
          "gap_spearman": 0.37987467670913955,
          "gap_rmse": 1.3920164767753118,
          "gap_mae": 0.9778404010114442,
          "fold": 0
        },
        {
          "spearman": 0.5188132627461701,
          "rmse": 2.2190928587374392,
          "mae": 1.7043824178872318,
          "pearson": 0.5914205052409268,
          "r2": 0.3277850931540367,
          "ndcg@20": 0.8136667517807706,
          "train_spearman": 0.9221303269292761,
          "train_rmse": 0.9030803142484497,
          "train_mae": 0.7070304465845652,
          "gap_spearman": 0.403317064183106,
          "gap_rmse": 1.3160125444889896,
          "gap_mae": 0.9973519713026666,
          "fold": 1
        },
        {
          "spearman": 0.5938881626110508,
          "rmse": 2.0721997069917775,
          "mae": 1.6037535684071107,
          "pearson": 0.6133488556762623,
          "r2": 0.36267178673294753,
          "ndcg@20": 0.8272040038330801,
          "train_spearman": 0.9254017732571526,
          "train_rmse": 0.9048667665698343,
          "train_mae": 0.7147638083250064,
          "gap_spearman": 0.33151361064610174,
          "gap_rmse": 1.167332940421943,
          "gap_mae": 0.8889897600821043,
          "fold": 2
        }
      ],
      "summary": {
        "spearman_mean": 0.5523668250448776,
        "spearman_std": 0.03816640184069095,
        "rmse_mean": 2.196428314826455,
        "rmse_std": 0.1145898940481472,
        "mae_mean": 1.6653128788923741,
        "mae_std": 0.05395260608340636,
        "pearson_mean": 0.5918258304353292,
        "pearson_std": 0.021323252088861787,
        "r2_mean": 0.3386957646048485,
        "r2_std": 0.020791774538446002,
        "ndcg@20_mean": 0.8309817422590396,
        "ndcg@20_std": 0.019480546905885427,
        "train_spearman_mean": 0.9239352755576599,
        "train_spearman_std": 0.0016617767727629812,
        "train_rmse_mean": 0.9046409942643737,
        "train_rmse_std": 0.0014609370009469882,
        "train_mae_mean": 0.7105855014269692,
        "train_mae_std": 0.0039041712687545626,
        "gap_spearman_mean": 0.37156845051278237,
        "gap_spearman_std": 0.03661528410621675,
        "gap_rmse_mean": 1.2917873205620813,
        "gap_rmse_std": 0.11428394017881748,
        "gap_mae_mean": 0.9547273774654051,
        "gap_mae_std": 0.05776028997704445
      },
      "overall_metrics": {
        "spearman": 0.549504253064198,
        "rmse": 2.198439598083496,
        "mae": 1.6653497219085693,
        "pearson": 0.5891751646995544,
        "r2": 0.3398258578731729,
        "ndcg@20": 0.8548287674225771
      },
      "elapsed_sec": 142.47718596458435,
      "oof_path": "/Users/skku_aws2_18/pre_project/say2_preproject/Improving GroupCV/results/exact_repo_slim_numeric_ml_groupcv_oof_v1_oof/LightGBM_DART.npy"
    },
    {
      "model": "XGBoost",
      "fold_metrics": [
        {
          "spearman": 0.5776122043138746,
          "rmse": 2.2495415210723877,
          "mae": 1.6177905797958374,
          "pearson": 0.6001747250556946,
          "r2": 0.35376742833707897,
          "ndcg@20": 0.8500804035175242,
          "train_spearman": 0.9958277812105258,
          "train_rmse": 0.1721329391002655,
          "train_mae": 0.10299590229988098,
          "gap_spearman": 0.41821557689665123,
          "gap_rmse": 2.077408581972122,
          "gap_mae": 1.5147946774959564,
          "fold": 0
        },
        {
          "spearman": 0.5167546759416841,
          "rmse": 2.2533226013183594,
          "mae": 1.7073968648910522,
          "pearson": 0.5750623345375061,
          "r2": 0.3068871384246904,
          "ndcg@20": 0.8479535321460691,
          "train_spearman": 0.9964737597361115,
          "train_rmse": 0.17254237830638885,