{
  "input_features_path": "/Users/skku_aws2_18/pre_project/say2_preproject/Improving GroupCV/v3_input_reproduction/exact_repo_match/features_slim_exact_repo.parquet",
  "input_X_path": "/Users/skku_aws2_18/pre_project/say2_preproject/Improving GroupCV/v3_input_reproduction/exact_repo_match/X_train_exact_repo_numeric.npy",
  "input_y_path": "/Users/skku_aws2_18/pre_project/say2_preproject/Improving GroupCV/v3_input_reproduction/exact_repo_match/y_train_exact_repo.npy",
  "device": "cpu",
  "folds": 3,
  "context_mode": "strong",
  "n_rows": 6366,
  "x_shape": [
    6366,
    5529
  ],
  "sample_dim_detected": 4415,
  "strong_context_columns": [
    "TCGA_DESC",
    "PATHWAY_NAME_NORMALIZED",
    "classification",
    "drug_bridge_strength",
    "stage3_resolution_status"
  ],
  "smiles_vocab_size": 38,
  "smiles_observed_max_len": 244,
  "models": [
    {
      "model": "ResidualMLP",
      "spearman_mean": 0.6030222837404341,
      "spearman_std": 0.013564133187534622,
      "rmse_mean": 2.1392772917573093,
      "rmse_std": 0.04436242249534264,
      "mae_mean": 1.6134170691172283,
      "mae_std": 0.02703267033042851,
      "pearson_mean": 0.6110594669977824,
      "r2_mean": 0.37131547927856445,
      "ndcg@20_mean": 0.7856343446238133,
      "overall_metrics": {
        "rmse": 2.1396192429403746,
        "mae": 1.6134278774261475,
        "spearman": 0.601944337889231,
        "pearson": 0.6137804985046387,
        "r2": 0.37467992305755615,
        "ndcg@20": 0.8419446878470256
      },
      "elapsed_sec": 937.7972557544708,
      "executed_folds": 3,
      "stopped_early": false,
      "fold_metrics": [
        {
          "rmse": 2.1507752063360077,
          "mae": 1.632917881011963,
          "spearman": 0.61531945881444,
          "pearson": 0.6422955989837646,
          "r2": 0.40926748514175415,
          "ndcg@20": 0.8325096605057725,
          "train_spearman": 0.8649118664675876,
          "train_rmse": 1.2128061950095086,
          "train_mae": 0.9377204775810242,
          "gap_spearman": 0.2495924076531476,
          "gap_rmse": 0.9379690113264991,
          "gap_mae": 0.6951974034309387,
          "fold": 0
        },
        {
          "rmse": 2.176758798262731,
          "mae": 1.6247748136520386,
          "spearman": 0.6052743106469476,
          "pearson": 0.595831036567688,
          "r2": 0.35318833589553833,
          "ndcg@20": 0.8133279999980655,
          "train_spearman": 0.839775560505133,
          "train_rmse": 1.237187043508131,
          "train_mae": 0.9455134272575378,
          "gap_spearman": 0.23450124985818543,
          "gap_rmse": 0.9395717547546001,
          "gap_mae": 0.6792613863945007,
          "fold": 1
        },
        {
          "rmse": 2.090297870673189,
          "mae": 1.582558512687683,
          "spearman": 0.5884730817599149,
          "pearson": 0.5950517654418945,
          "r2": 0.3514906167984009,
          "ndcg@20": 0.711065373367602,
          "train_spearman": 0.880996513995082,
          "train_rmse": 1.0914606931374127,
          "train_mae": 0.8256891965866089,
          "gap_spearman": 0.2925234322351672,
          "gap_rmse": 0.9988371775357765,
          "gap_mae": 0.7568693161010742,
          "fold": 2
        }
      ],
      "oof_path": "/Users/skku_aws2_18/pre_project/say2_preproject/Improving GroupCV/results/exact_repo_slim_strong_context_smiles_more_dl_oof_v2_oof/ResidualMLP.npy"
    },
    {
      "model": "TabNet",
      "spearman_mean": 0.5542708540328111,
      "spearman_std": 0.028695112653755492,
      "rmse_mean": 2.1695184383775614,
      "rmse_std": 0.03768754383664953,
      "mae_mean": 1.6231839656829834,
      "mae_std": 0.03171258780524438,
      "pearson_mean": 0.5955618818600973,
      "r2_mean": 0.35359519720077515,
      "ndcg@20_mean": 0.816261841218577,
      "overall_metrics": {
        "rmse": 2.1697452998659275,
        "mae": 1.6231493949890137,
        "spearman": 0.5534637567129508,
        "pearson": 0.5977487564086914,
        "r2": 0.35694676637649536,
        "ndcg@20": 0.8464993496632122
      },
      "elapsed_sec": 500.5684971809387,
      "executed_folds": 3,
      "stopped_early": false,
      "fold_metrics": [
        {
          "rmse": 2.201568269958949,
          "mae": 1.6423925161361694,
          "spearman": 0.545025205235427,
          "pearson": 0.6183319091796875,
          "r2": 0.3810364007949829,
          "ndcg@20": 0.8237207076221073,
          "train_spearman": 0.8527133948086673,
          "train_rmse": 1.2716806380394763,
          "train_mae": 0.9651880264282227,
          "gap_spearman": 0.3076881895732403,
          "gap_rmse": 0.9298876319194727,
          "gap_mae": 0.6772044897079468,
          "fold": 0
        },
        {
          "rmse": 2.1789877804137365,
          "mae": 1.5865803956985474,
          "spearman": 0.5864490404133079,
          "pearson": 0.5940633416175842,
          "r2": 0.3518630266189575,
          "ndcg@20": 0.8033004870017382,
          "train_spearman": 0.8339951473454481,
          "train_rmse": 1.3429816067331524,
          "train_mae": 1.0179038047790527,
          "gap_spearman": 0.2475461069321402,
          "gap_rmse": 0.8360061736805842,
          "gap_mae": 0.5686765909194946,
          "fold": 1
        },
        {
          "rmse": 2.127999264759998,
          "mae": 1.6405789852142334,
          "spearman": 0.5313383164496984,
          "pearson": 0.57429039478302,
          "r2": 0.327886164188385,
          "ndcg@20": 0.8217643290318855,
          "train_spearman": 0.8597433366540301,
          "train_rmse": 1.2411721356297327,
          "train_mae": 0.9510312676429749,
          "gap_spearman": 0.3284050202043317,
          "gap_rmse": 0.8868271291302652,
          "gap_mae": 0.6895477175712585,
          "fold": 2
        }
      ],
      "oof_path": "/Users/skku_aws2_18/pre_project/say2_preproject/Improving GroupCV/results/exact_repo_slim_strong_context_smiles_more_dl_oof_v2_oof/TabNet.npy"
    },
    {
      "model": "FTTransformer",
      "spearman_mean": 0.5549942521329911,
      "spearman_std": 0.006569145415837877,
      "rmse_mean": 2.1911042460542247,
      "rmse_std": 0.08523825118265735,
      "mae_mean": 1.6389302412668865,
      "mae_std": 0.05697212446312807,
      "pearson_mean": 0.5920133789380392,
      "r2_mean": 0.34110405047734577,
      "ndcg@20_mean": 0.8222709001783183,
      "overall_metrics": {
        "rmse": 2.192267644699176,
        "mae": 1.63893461227417,
        "spearman": 0.5532403616438266,
        "pearson": 0.5883822441101074,
        "r2": 0.34352749586105347,
        "ndcg@20": 0.8118033465275454
      },
      "elapsed_sec": 774.52587890625,
      "executed_folds": 3,
      "stopped_early": false,
      "fold_metrics": [
        {
          "rmse": 2.226102654337604,
          "mae": 1.6934235095977783,
          "spearman": 0.5539170789799396,
          "pearson": 0.6163489818572998,
          "r2": 0.3671639561653137,
          "ndcg@20": 0.8216253046747339,
          "train_spearman": 0.830552794452285,
          "train_rmse": 1.398458683130523,
          "train_mae": 1.1028367280960083,
          "gap_spearman": 0.27663571547234544,
          "gap_rmse": 0.8276439712070811,
          "gap_mae": 0.59058678150177,
          "fold": 0
        },
        {
          "rmse": 2.253272431903046,
          "mae": 1.6436004638671875,
          "spearman": 0.5490302665266663,
          "pearson": 0.5651479363441467,
          "r2": 0.30691802501678467,
          "ndcg@20": 0.8067819072695217,
          "train_spearman": 0.6592456966295939,
          "train_rmse": 2.02949941466991,
          "train_mae": 1.550929307937622,
          "gap_spearman": 0.11021543010292756,
          "gap_rmse": 0.22377301723313625,
          "gap_mae": 0.09267115592956543,
          "fold": 1
        },
        {
          "rmse": 2.093937651922024,
          "mae": 1.5797667503356934,
          "spearman": 0.5620354108923675,