{
  "input_features_path": "/Users/skku_aws2_18/pre_project/say2_preproject/Improving GroupCV/v3_input_reproduction/exact_repo_match/features_slim_exact_repo.parquet",
  "input_X_path": "/Users/skku_aws2_18/pre_project/say2_preproject/Improving GroupCV/v3_input_reproduction/exact_repo_match/X_train_exact_repo_numeric.npy",
  "input_y_path": "/Users/skku_aws2_18/pre_project/say2_preproject/Improving GroupCV/v3_input_reproduction/exact_repo_match/y_train_exact_repo.npy",
  "device": "cpu",
  "folds": 5,
  "models": [
    "FlatMLP",
    "WideDeep",
    "CrossAttention"
  ],
  "n_rows": 6366,
  "x_shape": [
    6366,
    5529
  ],
  "sample_dim_detected": 4415,
  "strong_context_columns": [
    "TCGA_DESC",
    "PATHWAY_NAME_NORMALIZED",
    "classification",
    "drug_bridge_strength",
    "stage3_resolution_status"
  ],
  "context_summary": {
    "match_rate": 1.0,
    "column_non_missing_rate": {
      "TCGA_DESC": 1.0,
      "PATHWAY_NAME_NORMALIZED": 1.0,
      "classification": 1.0,
      "drug_bridge_strength": 1.0,
      "stage3_resolution_status": 1.0
    }
  },
  "ensemble_types": [
    "equal_weight_mean",
    "spearman_weighted"
  ],
  "base_model_metrics": {
    "FlatMLP": {
      "spearman_mean": 0.5272492548205523,
      "spearman_std": 0.10559622128423711,
      "rmse_mean": 2.1133429892687,
      "rmse_std": 0.43754138133236203,
      "mae_mean": 1.644283699989319,
      "mae_std": 0.29178090282736274,
      "pearson_mean": 0.59263596534729,
      "r2_mean": 0.3428843140602112,
      "ndcg@20_mean": 0.8548195338511348,
      "fold_metrics": [
        {
          "rmse": 2.1943793977950317,
          "mae": 1.687260389328003,
          "spearman": 0.6780604129021911,
          "pearson": 0.7024732828140259,
          "r2": 0.48253458738327026,
          "ndcg@20": 0.8248707933905641,
          "train_spearman": 0.8773687875285104,
          "train_rmse": 1.0070550718959816,
          "train_mae": 0.7782841324806213,
          "gap_spearman": 0.19930837462631934,
          "gap_rmse": 1.18732432589905,
          "gap_mae": 0.9089762568473816,
          "fold": 0
        },
        {
          "rmse": 2.832582280713865,
          "mae": 2.125711441040039,
          "spearman": 0.485562028693906,
          "pearson": 0.5130395889282227,
          "r2": 0.23829543590545654,
          "ndcg@20": 0.8591116572219174,
          "train_spearman": 0.8461461776742962,
          "train_rmse": 1.1609473822315561,
          "train_mae": 0.8990822434425354,
          "gap_spearman": 0.3605841489803902,
          "gap_rmse": 1.6716348984823088,
          "gap_mae": 1.2266291975975037,
          "fold": 1
        },
        {
          "rmse": 1.970409904571092,
          "mae": 1.5599195957183838,
          "spearman": 0.43460227274299107,
          "pearson": 0.49180781841278076,
          "r2": 0.20966309309005737,
          "ndcg@20": 0.8882005037787682,
          "train_spearman": 0.6478123531128178,
          "train_rmse": 2.10808359810611,
          "train_mae": 1.6001062393188477,
          "gap_spearman": 0.21321008036982675,
          "gap_rmse": -0.13767369353501802,
          "gap_mae": -0.04018664360046387,
          "fold": 2
        },
        {
          "rmse": 1.8367209852716953,
          "mae": 1.4629266262054443,
          "spearman": 0.4435084310863605,
          "pearson": 0.5470342636108398,
          "r2": 0.2945082187652588,
          "ndcg@20": 0.8313396004383202,
          "train_spearman": 0.9067919260404531,
          "train_rmse": 1.0720853949382563,
          "train_mae": 0.8166357278823853,
          "gap_spearman": 0.4632834949540926,
          "gap_rmse": 0.764635590333439,
          "gap_mae": 0.6462908983230591,
          "fold": 3
        },
        {
          "rmse": 1.7326223779918166,
          "mae": 1.3856004476547241,
          "spearman": 0.5945131286773127,
          "pearson": 0.708824872970581,
          "r2": 0.48942023515701294,
          "ndcg@20": 0.8705751144261038,
          "train_spearman": 0.8560313070292941,
          "train_rmse": 1.2415802629008137,
          "train_mae": 0.9480471611022949,
          "gap_spearman": 0.26151817835198143,
          "gap_rmse": 0.49104211509100293,
          "gap_mae": 0.4375532865524292,
          "fold": 4
        }
      ]
    },
    "WideDeep": {
      "spearman_mean": 0.5254895623238658,
      "spearman_std": 0.12399051370326068,
      "rmse_mean": 2.1561583072198074,
      "rmse_std": 0.46564507469192684,
      "mae_mean": 1.6673355102539062,
      "mae_std": 0.31702846770112875,
      "pearson_mean": 0.5615182638168335,
      "r2_mean": 0.31494879722595215,
      "ndcg@20_mean": 0.8267320711284846,
      "fold_metrics": [
        {
          "rmse": 2.30282341523676,
          "mae": 1.761384129524231,
          "spearman": 0.671686721104559,
          "pearson": 0.6573908925056458,
          "r2": 0.43012553453445435,
          "ndcg@20": 0.8226307640965212,
          "train_spearman": 0.828951490494917,
          "train_rmse": 1.4434169401631756,
          "train_mae": 1.1526093482971191,
          "gap_spearman": 0.15726476939035805,
          "gap_rmse": 0.8594064750735846,
          "gap_mae": 0.6087747812271118,
          "fold": 0
        },
        {
          "rmse": 2.8814629598100554,
          "mae": 2.161642551422119,
          "spearman": 0.4870417738529659,
          "pearson": 0.4616791307926178,
          "r2": 0.21177977323532104,
          "ndcg@20": 0.7148070159936656,
          "train_spearman": 0.694272445272578,
          "train_rmse": 1.7626652173460995,
          "train_mae": 1.391114354133606,
          "gap_spearman": 0.20723067141961216,
          "gap_rmse": 1.118797742463956,
          "gap_mae": 0.7705281972885132,
          "fold": 1
        },
        {
          "rmse": 2.007244697764296,
          "mae": 1.5556862354278564,
          "spearman": 0.41120817144422117,
          "pearson": 0.46724289655685425,
          "r2": 0.1798378825187683,
          "ndcg@20": 0.8822290329227598,
          "train_spearman": 0.7773939530772349,
          "train_rmse": 1.847400284632642,
          "train_mae": 1.415562391281128,
          "gap_spearman": 0.36618578163301374,
          "gap_rmse": 0.1598444131316541,
          "gap_mae": 0.14012384414672852,
          "fold": 2
        },
        {
          "rmse": 1.9290614174240834,
          "mae": 1.535644292831421,
          "spearman": 0.41570430474328945,
          "pearson": 0.4889129102230072,
          "r2": 0.22178834676742554,
          "ndcg@20": 0.7925466580427819,
          "train_spearman": 0.8215279967887695,
          "train_rmse": 1.4997842951492453,
          "train_mae": 1.1177582740783691,
          "gap_spearman": 0.4058236920454801,
          "gap_rmse": 0.42927712227483816,
          "gap_mae": 0.41788601875305176,
          "fold": 3
        },
        {
          "rmse": 1.6601990458638407,
          "mae": 1.3223203420639038,
          "spearman": 0.6418068404742937,
          "pearson": 0.7323654890060425,
          "r2": 0.5312124490737915,
          "ndcg@20": 0.9214468845866948,
          "train_spearman": 0.8541026536976667,
          "train_rmse": 1.2233568323270831,
          "train_mae": 0.9242444634437561,
          "gap_spearman": 0.212295813223373,
          "gap_rmse": 0.43684221353675756,
          "gap_mae": 0.3980758786201477,
          "fold": 4
        }
      ]
    },
    "CrossAttention": {
      "spearman_mean": 0.5260782590037676,
      "spearman_std": 0.14096632256990035,
      "rmse_mean": 2.1787900142916503,
      "rmse_std": 0.46875551172614766,
      "mae_mean": 1.6641461610794068,
      "mae_std": 0.29059309611033585,
      "pearson_mean": 0.5522799134254456,
      "r2_mean": 0.29604692459106446,
      "ndcg@20_mean": 0.7832526554663841,
      "fold_metrics": [
        {
          "rmse": 2.2228419221314213,
          "mae": 1.6784762144088745,
          "spearman": 0.7108878221666183,
          "pearson": 0.6861364245414734,