{
  "input_X_path": "/Users/skku_aws2_18/pre_project/say2_preproject/Improving GroupCV/v3_input_reproduction/exact_repo_match_ml_smiles/X_ml_exact_slim_smiles.npy",
  "input_y_path": "/Users/skku_aws2_18/pre_project/say2_preproject/Improving GroupCV/v3_input_reproduction/exact_repo_match_ml_smiles/y_ml_exact_slim_smiles.npy",
  "input_keys_path": "/Users/skku_aws2_18/pre_project/say2_preproject/Improving GroupCV/v3_input_reproduction/exact_repo_match_ml_smiles/keys_ml_exact_slim_smiles.parquet",
  "folds": 3,
  "rows": 6366,
  "feature_dim": 5593,
  "models": [
    {
      "model": "LightGBM",
      "fold_metrics": [
        {
          "spearman": 0.5613551432102669,
          "rmse": 2.2634720939352255,
          "mae": 1.6688502277460682,
          "pearson": 0.5931507012597791,
          "r2": 0.3457389059941637,
          "ndcg@20": 0.840741335954257,
          "train_spearman": 0.9961379079516082,
          "train_rmse": 0.16506255738304265,
          "train_mae": 0.09526440360729835,
          "gap_spearman": 0.43478276474134125,
          "gap_rmse": 2.098409536552183,
          "gap_mae": 1.57358582413877,
          "fold": 0
        },
        {
          "spearman": 0.5899386876978514,
          "rmse": 2.0539098633878714,
          "mae": 1.5944721582714385,
          "pearson": 0.6517388247246476,
          "r2": 0.4241359770980361,
          "ndcg@20": 0.8067817958724232,
          "train_spearman": 0.9965053502298195,
          "train_rmse": 0.1748860237165422,
          "train_mae": 0.10023016679347699,
          "gap_spearman": 0.40656666253196805,
          "gap_rmse": 1.8790238396713292,
          "gap_mae": 1.4942419914779614,
          "fold": 1
        },
        {
          "spearman": 0.5433749999952773,
          "rmse": 2.090792441832449,
          "mae": 1.6590802429821025,
          "pearson": 0.6080307530135874,
          "r2": 0.3511836659522779,
          "ndcg@20": 0.8982799633745827,
          "train_spearman": 0.9980652072404752,
          "train_rmse": 0.15564365362646865,
          "train_mae": 0.09129913812962791,
          "gap_spearman": 0.45469020724519793,
          "gap_rmse": 1.9351487882059801,
          "gap_mae": 1.5677811048524746,
          "fold": 2
        }
      ],
      "summary": {
        "spearman_mean": 0.5648896103011318,
        "spearman_std": 0.023482197433971525,
        "rmse_mean": 2.1360581330518484,
        "rmse_std": 0.11187412220515132,
        "mae_mean": 1.640800876333203,
        "mae_std": 0.040418136257216054,
        "pearson_mean": 0.6176400929993381,
        "pearson_std": 0.030453187255277216,
        "r2_mean": 0.37368618301482587,
        "r2_std": 0.04377553706157245,
        "ndcg@20_mean": 0.8486010317337543,
        "ndcg@20_std": 0.046252673191643716,
        "train_spearman_mean": 0.9969028218073008,
        "train_spearman_std": 0.0010232831369645756,
        "train_rmse_mean": 0.16519741157535114,
        "train_rmse_std": 0.009621893831815366,
        "train_mae_mean": 0.09559790284346775,
        "train_mae_std": 0.004474844640210166,
        "gap_spearman_mean": 0.43201321150616906,
        "gap_spearman_std": 0.02418101957700292,
        "gap_rmse_mean": 1.9708607214764975,
        "gap_rmse_std": 0.11396941533768108,
        "gap_mae_mean": 1.5452029734897355,
        "gap_mae_std": 0.04422883626325055
      },
      "overall_metrics": {
        "spearman": 0.5631543724209435,
        "rmse": 2.1379326365807527,
        "mae": 1.6407572031021118,
        "pearson": 0.6141999363899231,
        "r2": 0.3756653666496277,
        "ndcg@20": 0.8583740445232017
      },
      "elapsed_sec": 293.915812253952
    },
    {
      "model": "LightGBM_DART",
      "fold_metrics": [
        {
          "spearman": 0.5672370988996891,
          "rmse": 2.258798361597422,
          "mae": 1.6920808587921876,
          "pearson": 0.5905436765800336,
          "r2": 0.3484380196678264,
          "ndcg@20": 0.8278957784625854,
          "train_spearman": 0.9362484902808331,
          "train_rmse": 0.8303852154519638,
          "train_mae": 0.650615501016834,
          "gap_spearman": 0.369011391381144,
          "gap_rmse": 1.4284131461454581,
          "gap_mae": 1.0414653577753537,
          "fold": 0
        },
        {
          "spearman": 0.5751519194114363,
          "rmse": 2.109824197152855,
          "mae": 1.6358096565651936,
          "pearson": 0.6392490312130515,
          "r2": 0.39235528699285593,
          "ndcg@20": 0.8139372089874228,
          "train_spearman": 0.9384789832576329,
          "train_rmse": 0.8204239891360707,
          "train_mae": 0.6434116379988236,
          "gap_spearman": 0.3633270638461966,
          "gap_rmse": 1.2894002080167843,
          "gap_mae": 0.99239801856637,
          "fold": 1
        },
        {
          "spearman": 0.5417567959335148,
          "rmse": 2.0852091191463384,
          "mae": 1.6803110838139288,
          "pearson": 0.615944963335394,
          "r2": 0.3546442811654087,
          "ndcg@20": 0.8756259498861424,
          "train_spearman": 0.9431493216855029,
          "train_rmse": 0.8045830462729641,
          "train_mae": 0.6327378694376393,
          "gap_spearman": 0.40139252575198814,
          "gap_rmse": 1.2806260728733743,
          "gap_mae": 1.0475732143762895,
          "fold": 2
        }
      ],
      "summary": {
        "spearman_mean": 0.5613819380815467,
        "spearman_std": 0.017450522891338766,
        "rmse_mean": 2.151277225965538,
        "rmse_std": 0.09392588286513003,
        "mae_mean": 1.6694005330571031,
        "mae_std": 0.029679827128552515,
        "pearson_mean": 0.6152458903761597,
        "pearson_std": 0.024360201553635802,
        "r2_mean": 0.36514586260869697,
        "r2_std": 0.023767498857305957,
        "ndcg@20_mean": 0.8391529791120503,
        "ndcg@20_std": 0.03234839429189758,
        "train_spearman_mean": 0.9392922650746564,
        "train_spearman_std": 0.0035215676912910385,
        "train_rmse_mean": 0.8184640836203328,
        "train_rmse_std": 0.013012259827116703,
        "train_mae_mean": 0.6422550028177656,
        "train_mae_std": 0.008994764111798604,
        "gap_spearman_mean": 0.3779103269931096,
        "gap_spearman_std": 0.02053382913133223,
        "gap_rmse_mean": 1.3328131423452054,
        "gap_rmse_std": 0.08290818359387045,
        "gap_mae_mean": 1.0271455302393377,
        "gap_mae_std": 0.03024679575858688
      },
      "overall_metrics": {
        "spearman": 0.558576348729503,
        "rmse": 2.152603715265391,
        "mae": 1.6693689823150635,
        "pearson": 0.6121048927307129,
        "r2": 0.36706721782684326,
        "ndcg@20": 0.8578950041309671
      },
      "elapsed_sec": 164.09573006629944
    },
    {
      "model": "XGBoost",
      "fold_metrics": [
        {
          "spearman": 0.563353755982367,
          "rmse": 2.2587037752759436,
          "mae": 1.6757731437683105,
          "pearson": 0.5945335626602173,
          "r2": 0.3484926223754883,
          "ndcg@20": 0.8371015228443979,
          "train_spearman": 0.9968993530945998,
          "train_rmse": 0.14048647017725596,
          "train_mae": 0.06012417748570442,
          "gap_spearman": 0.43354559711223273,
          "gap_rmse": 2.1182173050986877,
          "gap_mae": 1.6156489662826061,
          "fold": 0
        },
        {
          "spearman": 0.5621702160706177,
          "rmse": 2.1052151953729923,
          "mae": 1.6366838216781616,
          "pearson": 0.6296496391296387,
          "r2": 0.3950071930885315,
          "ndcg@20": 0.8099492854437826,
          "train_spearman": 0.9975943595145188,
          "train_rmse": 0.13920852088382757,
          "train_mae": 0.058748919516801834,
          "gap_spearman": 0.4354241434439011,
          "gap_rmse": 1.9660066744891647,
          "gap_mae": 1.5779349021613598,
          "fold": 1
        },
        {
          "spearman": 0.522729494582222,
          "rmse": 2.1116813201917743,