{
  "split_mode": "random_sample_kfold",
  "seed": 42,
  "input_mode": "smiles",
  "input_features_path": "/Users/skku_aws2_18/pre_project/say2_preproject/Improving GroupCV/v3_input_reproduction/exact_repo_match/features_slim_exact_repo.parquet",
  "input_X_path": "/Users/skku_aws2_18/pre_project/say2_preproject/Improving GroupCV/v3_input_reproduction/exact_repo_match/X_train_exact_repo_numeric.npy",
  "input_y_path": "/Users/skku_aws2_18/pre_project/say2_preproject/Improving GroupCV/v3_input_reproduction/exact_repo_match/y_train_exact_repo.npy",
  "device": "cpu",
  "folds": 3,
  "n_rows": 6366,
  "x_shape": [
    6366,
    5529
  ],
  "sample_dim_detected": 4415,
  "strong_context_columns": [],
  "smiles_vocab_size": 38,
  "smiles_observed_max_len": 244,
  "models": [
    {
      "model": "FlatMLP",
      "spearman_mean": 0.8598751183245638,
      "spearman_std": 0.009588389548745867,
      "rmse_mean": 1.1593846027307202,
      "rmse_std": 0.01944635953915131,
      "mae_mean": 0.8687530557314554,
      "mae_std": 0.020931446672308056,
      "pearson_mean": 0.9039271473884583,
      "r2_mean": 0.8161829113960266,
      "ndcg@20_mean": 0.9574442280523666,
      "overall_metrics": {
        "rmse": 1.1594933565088448,
        "mae": 0.8687530755996704,
        "spearman": 0.8596805536245027,
        "pearson": 0.9039268493652344,
        "r2": 0.816360592842102,
        "ndcg@20": 0.9540512796199585
      },
      "elapsed_sec": 2741.160325050354,
      "executed_folds": 3,
      "stopped_early": false,
      "fold_metrics": [
        {
          "rmse": 1.175260460169824,
          "mae": 0.8850982189178467,
          "spearman": 0.8653206346003596,
          "pearson": 0.9030462503433228,
          "r2": 0.8153754472732544,
          "ndcg@20": 0.9546418760059893,
          "train_spearman": 0.9428137473134487,
          "train_rmse": 0.7407103042729388,
          "train_mae": 0.5632107853889465,
          "gap_spearman": 0.07749311271308912,
          "gap_rmse": 0.43455015589688517,
          "gap_mae": 0.32188743352890015,
          "fold": 0
        },
        {
          "rmse": 1.1651990833366603,
          "mae": 0.8759996891021729,
          "spearman": 0.8488038885597133,
          "pearson": 0.900146484375,
          "r2": 0.8084514737129211,
          "ndcg@20": 0.955056403608061,
          "train_spearman": 0.9784679643332556,
          "train_rmse": 0.4733877747612293,
          "train_mae": 0.3510048985481262,
          "gap_spearman": 0.12966407577354222,
          "gap_rmse": 0.691811308575431,
          "gap_mae": 0.5249947905540466,
          "fold": 1
        },
        {
          "rmse": 1.1376942646856762,
          "mae": 0.8451612591743469,
          "spearman": 0.8655008318136184,
          "pearson": 0.908588707447052,
          "r2": 0.8247218132019043,
          "ndcg@20": 0.9626344045430499,
          "train_spearman": 0.9808137846191813,
          "train_rmse": 0.43952878512638255,
          "train_mae": 0.3161410093307495,
          "gap_spearman": 0.11531295280556297,
          "gap_rmse": 0.6981654795592938,
          "gap_mae": 0.5290202498435974,
          "fold": 2
        }
      ],
      "oof_path": "/Users/skku_aws2_18/pre_project/say2_preproject/Improving GroupCV/results/exact_repo_random3_smiles_dl_v1_oof/FlatMLP.npy"
    },
    {
      "model": "WideDeep",
      "spearman_mean": 0.8526365929137528,
      "spearman_std": 0.01690429821587666,
      "rmse_mean": 1.1910569622955132,
      "rmse_std": 0.017840851770175477,
      "mae_mean": 0.8952672084172567,
      "mae_std": 0.0316714255609578,
      "pearson_mean": 0.8981602986653646,
      "r2_mean": 0.8059053421020508,
      "ndcg@20_mean": 0.9488787288497539,
      "overall_metrics": {
        "rmse": 1.1911460217051932,
        "mae": 0.8952672481536865,
        "spearman": 0.8523824237747706,
        "pearson": 0.8979758620262146,
        "r2": 0.806197464466095,
        "ndcg@20": 0.9516717991350667
      },
      "elapsed_sec": 2217.5548899173737,
      "executed_folds": 3,
      "stopped_early": false,
      "fold_metrics": [
        {
          "rmse": 1.1745590498571186,
          "mae": 0.8740575909614563,
          "spearman": 0.867682355590755,
          "pearson": 0.9033488035202026,
          "r2": 0.8155957460403442,
          "ndcg@20": 0.9453159095711902,
          "train_spearman": 0.8882246680514392,
          "train_rmse": 1.011037825687097,
          "train_mae": 0.7611774206161499,
          "gap_spearman": 0.020542312460684164,
          "gap_rmse": 0.16352122417002146,
          "gap_mae": 0.1128801703453064,
          "fold": 0
        },
        {
          "rmse": 1.2099904941153916,
          "mae": 0.9316730499267578,
          "spearman": 0.8343445859249593,
          "pearson": 0.8917056322097778,
          "r2": 0.7934417724609375,
          "ndcg@20": 0.9505263108159595,
          "train_spearman": 0.8675642366962987,
          "train_rmse": 1.1636179644853155,
          "train_mae": 0.8753141164779663,
          "gap_spearman": 0.03321965077133937,
          "gap_rmse": 0.0463725296300761,
          "gap_mae": 0.056358933448791504,
          "fold": 1
        },
        {
          "rmse": 1.1886213429140289,
          "mae": 0.8800709843635559,
          "spearman": 0.8558828372255443,
          "pearson": 0.8994264602661133,
          "r2": 0.8086785078048706,
          "ndcg@20": 0.9507939661621119,
          "train_spearman": 0.8863641537023328,
          "train_rmse": 1.0371916140261825,
          "train_mae": 0.7843952178955078,
          "gap_spearman": 0.030481316476788534,
          "gap_rmse": 0.15142972888784634,
          "gap_mae": 0.0956757664680481,
          "fold": 2
        }
      ],
      "oof_path": "/Users/skku_aws2_18/pre_project/say2_preproject/Improving GroupCV/results/exact_repo_random3_smiles_dl_v1_oof/WideDeep.npy"
    },
    {
      "model": "CrossAttention",
      "spearman_mean": 0.8505141935178991,
      "spearman_std": 0.012239049017136575,
      "rmse_mean": 1.2013072171461205,
      "rmse_std": 0.01817686275670341,
      "mae_mean": 0.8963145812352499,
      "mae_std": 0.007998143231359181,
      "pearson_mean": 0.8962053656578064,
      "r2_mean": 0.8027723630269369,
      "ndcg@20_mean": 0.9545104159350907,
      "overall_metrics": {
        "rmse": 1.2013989241713179,
        "mae": 0.8963145613670349,
        "spearman": 0.8502408735161167,
        "pearson": 0.8960632085800171,
        "r2": 0.8028467893600464,
        "ndcg@20": 0.9505305286407962
      },
      "elapsed_sec": 1648.6341650485992,
      "executed_folds": 3,
      "stopped_early": false,
      "fold_metrics": [
        {
          "rmse": 1.2156660725144348,
          "mae": 0.9046857357025146,
          "spearman": 0.8618157025725649,
          "pearson": 0.8959565162658691,
          "r2": 0.8024623990058899,
          "ndcg@20": 0.9436723078925229,
          "train_spearman": 0.8639915490712786,
          "train_rmse": 1.1199538120895831,
          "train_mae": 0.8412995934486389,
          "gap_spearman": 0.0021758464987137183,
          "gap_rmse": 0.0957122604248517,
          "gap_mae": 0.06338614225387573,
          "fold": 0
        },
        {
          "rmse": 1.1808701202075316,
          "mae": 0.8955073356628418,
          "spearman": 0.837514885346525,
          "pearson": 0.8962640762329102,
          "r2": 0.8032644391059875,
          "ndcg@20": 0.9682058587499859,
          "train_spearman": 0.8742019127008156,
          "train_rmse": 1.1312979208559664,
          "train_mae": 0.8398336172103882,
          "gap_spearman": 0.036687027354290636,
          "gap_rmse": 0.049572199351565205,
          "gap_mae": 0.05567371845245361,
          "fold": 1
        },
        {
          "rmse": 1.207385458716395,
          "mae": 0.8887506723403931,
          "spearman": 0.8522119926346076,
          "pearson": 0.8963955044746399,
          "r2": 0.8025902509689331,
          "ndcg@20": 0.9516530811627629,