{
  "split_mode": "random_sample_kfold",
  "seed": 42,
  "input_mode": "strong_context_smiles",
  "input_features_path": "/Users/skku_aws2_18/pre_project/say2_preproject/Improving GroupCV/v3_input_reproduction/exact_repo_match/features_slim_exact_repo.parquet",
  "input_X_path": "/Users/skku_aws2_18/pre_project/say2_preproject/Improving GroupCV/v3_input_reproduction/exact_repo_match/X_train_exact_repo_numeric.npy",
  "input_y_path": "/Users/skku_aws2_18/pre_project/say2_preproject/Improving GroupCV/v3_input_reproduction/exact_repo_match/y_train_exact_repo.npy",
  "device": "cpu",
  "folds": 3,
  "n_rows": 6366,
  "x_shape": [
    6366,
    5529
  ],
  "sample_dim_detected": 4415,
  "strong_context_columns": [
    "TCGA_DESC",
    "PATHWAY_NAME_NORMALIZED",
    "classification",
    "drug_bridge_strength",
    "stage3_resolution_status"
  ],
  "smiles_vocab_size": 38,
  "smiles_observed_max_len": 244,
  "models": [
    {
      "model": "FlatMLP",
      "spearman_mean": 0.8558096016689835,
      "spearman_std": 0.016391481934569886,
      "rmse_mean": 1.1694530907416805,
      "rmse_std": 0.013310494173066217,
      "mae_mean": 0.8871769905090332,
      "mae_std": 0.023240891966827493,
      "pearson_mean": 0.9026048183441162,
      "r2_mean": 0.8129182457923889,
      "ndcg@20_mean": 0.9658141349513437,
      "overall_metrics": {
        "rmse": 1.169503520873838,
        "mae": 0.8871769905090332,
        "spearman": 0.8553603379651642,
        "pearson": 0.9018416404724121,
        "r2": 0.8131760954856873,
        "ndcg@20": 0.958211306644226
      },
      "elapsed_sec": 2166.875606060028,
      "executed_folds": 3,
      "stopped_early": false,
      "fold_metrics": [
        {
          "rmse": 1.1591203476742422,
          "mae": 0.8770756721496582,
          "spearman": 0.8661977346295968,
          "pearson": 0.9062070846557617,
          "r2": 0.8204116225242615,
          "ndcg@20": 0.9645020382508213,
          "train_spearman": 0.9711389253338234,
          "train_rmse": 0.5492781833489937,
          "train_mae": 0.4101557433605194,
          "gap_spearman": 0.10494119070422658,
          "gap_rmse": 0.6098421643252485,
          "gap_mae": 0.4669199287891388,
          "fold": 0
        },
        {
          "rmse": 1.1844731453765531,
          "mae": 0.9137592911720276,
          "spearman": 0.8369135024852493,
          "pearson": 0.897357165813446,
          "r2": 0.8020620346069336,
          "ndcg@20": 0.9748046826050765,
          "train_spearman": 0.9189341713718089,
          "train_rmse": 0.9114612833611114,
          "train_mae": 0.7044909000396729,
          "gap_spearman": 0.08202066888655957,
          "gap_rmse": 0.2730118620154417,
          "gap_mae": 0.20926839113235474,
          "fold": 1
        },
        {
          "rmse": 1.1647657791742458,
          "mae": 0.8706960082054138,
          "spearman": 0.8643175678921041,
          "pearson": 0.9042502045631409,
          "r2": 0.8162810802459717,
          "ndcg@20": 0.9581356839981334,
          "train_spearman": 0.9457637496270412,
          "train_rmse": 0.7294295155108886,
          "train_mae": 0.5652169585227966,
          "gap_spearman": 0.08144618173493712,
          "gap_rmse": 0.4353362636633572,
          "gap_mae": 0.3054790496826172,
          "fold": 2
        }
      ],
      "oof_path": "/Users/skku_aws2_18/pre_project/say2_preproject/Improving GroupCV/results/exact_repo_random3_strong_context_smiles_dl_v1_oof/FlatMLP.npy"
    },
    {
      "model": "WideDeep",
      "spearman_mean": 0.8571875509999755,
      "spearman_std": 0.011883713134349987,
      "rmse_mean": 1.163852384435165,
      "rmse_std": 0.017698744644762645,
      "mae_mean": 0.8729146718978882,
      "mae_std": 0.005479643871795898,
      "pearson_mean": 0.9029643734296163,
      "r2_mean": 0.8148770133654276,
      "ndcg@20_mean": 0.9616892766385069,
      "overall_metrics": {
        "rmse": 1.1639421131940009,
        "mae": 0.8729146122932434,
        "spearman": 0.8572075065043159,
        "pearson": 0.9029019474983215,
        "r2": 0.8149486780166626,
        "ndcg@20": 0.9531482712384911
      },
      "elapsed_sec": 2757.237491130829,
      "executed_folds": 3,
      "stopped_early": false,
      "fold_metrics": [
        {
          "rmse": 1.1744427333461631,
          "mae": 0.8764230608940125,
          "spearman": 0.8682471140980244,
          "pearson": 0.9031258225440979,
          "r2": 0.8156322836875916,
          "ndcg@20": 0.9518292131125242,
          "train_spearman": 0.8868514176823273,
          "train_rmse": 1.0164265917209279,
          "train_mae": 0.7698860764503479,
          "gap_spearman": 0.018604303584302984,
          "gap_rmse": 0.15801614162523525,
          "gap_mae": 0.10653698444366455,
          "fold": 0
        },
        {
          "rmse": 1.1434202041840007,
          "mae": 0.8757206201553345,
          "spearman": 0.84462305652719,
          "pearson": 0.9034638404846191,
          "r2": 0.8155450820922852,
          "ndcg@20": 0.9717478810505973,
          "train_spearman": 0.9003294408754774,
          "train_rmse": 0.9855844848085077,
          "train_mae": 0.740648627281189,
          "gap_spearman": 0.05570638434828734,
          "gap_rmse": 0.157835719375493,
          "gap_mae": 0.1350719928741455,
          "fold": 1
        },
        {
          "rmse": 1.1736942157753314,
          "mae": 0.8666003346443176,
          "spearman": 0.8586924823747115,
          "pearson": 0.9023034572601318,
          "r2": 0.8134536743164062,
          "ndcg@20": 0.9614907357523992,
          "train_spearman": 0.8928806663398225,
          "train_rmse": 1.000514851594777,
          "train_mae": 0.7577499747276306,
          "gap_spearman": 0.03418818396511103,
          "gap_rmse": 0.17317936418055435,
          "gap_mae": 0.10885035991668701,
          "fold": 2
        }
      ],
      "oof_path": "/Users/skku_aws2_18/pre_project/say2_preproject/Improving GroupCV/results/exact_repo_random3_strong_context_smiles_dl_v1_oof/WideDeep.npy"
    },
    {
      "model": "CrossAttention",
      "spearman_mean": 0.848819566560778,
      "spearman_std": 0.010410696257289473,
      "rmse_mean": 1.2045247843995854,
      "rmse_std": 0.024087632561587604,
      "mae_mean": 0.8995736837387085,
      "mae_std": 0.01436262025461111,
      "pearson_mean": 0.8955318133036295,
      "r2_mean": 0.8017222086588541,
      "ndcg@20_mean": 0.9544147191573353,
      "overall_metrics": {
        "rmse": 1.2046852893536937,
        "mae": 0.8995736837387085,
        "spearman": 0.8486265905188461,
        "pearson": 0.8955212235450745,
        "r2": 0.8017666935920715,
        "ndcg@20": 0.9539264404787038
      },
      "elapsed_sec": 1439.9850120544434,
      "executed_folds": 3,
      "stopped_early": false,
      "fold_metrics": [
        {
          "rmse": 1.228527414723213,
          "mae": 0.9161004424095154,
          "spearman": 0.8576661392378933,
          "pearson": 0.893530547618866,
          "r2": 0.798260509967804,
          "ndcg@20": 0.9473672455599796,
          "train_spearman": 0.8596799770728828,
          "train_rmse": 1.142192860393757,
          "train_mae": 0.8602586984634399,
          "gap_spearman": 0.0020138378349895403,
          "gap_rmse": 0.08633455432945603,
          "gap_mae": 0.05584174394607544,
          "fold": 0
        },
        {
          "rmse": 1.1803530400924,
          "mae": 0.8925080299377441,
          "spearman": 0.8373474356032115,
          "pearson": 0.8964293003082275,
          "r2": 0.8034366965293884,
          "ndcg@20": 0.9655960109007747,
          "train_spearman": 0.875871677682513,
          "train_rmse": 1.121790121368858,
          "train_mae": 0.8328094482421875,
          "gap_spearman": 0.038524242079301496,
          "gap_rmse": 0.058562918723542134,
          "gap_mae": 0.05969858169555664,
          "fold": 1
        },
        {
          "rmse": 1.204693898383143,