{
  "split_mode": "random_sample_kfold",
  "seed": 42,
  "input_mode": "numeric",
  "input_features_path": "/Users/skku_aws2_18/pre_project/say2_preproject/Improving GroupCV/v3_input_reproduction/exact_repo_match/features_slim_exact_repo.parquet",
  "input_X_path": "/Users/skku_aws2_18/pre_project/say2_preproject/Improving GroupCV/v3_input_reproduction/exact_repo_match/X_train_exact_repo_numeric.npy",
  "input_y_path": "/Users/skku_aws2_18/pre_project/say2_preproject/Improving GroupCV/v3_input_reproduction/exact_repo_match/y_train_exact_repo.npy",
  "device": "cpu",
  "folds": 3,
  "n_rows": 6366,
  "x_shape": [
    6366,
    5529
  ],
  "sample_dim_detected": 4415,
  "strong_context_columns": [],
  "smiles_vocab_size": 1,
  "smiles_observed_max_len": 0,
  "models": [
    {
      "model": "FlatMLP",
      "spearman_mean": 0.8595861651010509,
      "spearman_std": 0.015125382581059756,
      "rmse_mean": 1.1978977676610876,
      "rmse_std": 0.009755867794234825,
      "mae_mean": 0.9012807408968607,
      "mae_std": 0.03060727918635488,
      "pearson_mean": 0.9036620060602824,
      "r2_mean": 0.8038536111513773,
      "ndcg@20_mean": 0.959450622188989,
      "overall_metrics": {
        "rmse": 1.1979242849798795,
        "mae": 0.9012807607650757,
        "spearman": 0.8517480571388202,
        "pearson": 0.8977810144424438,
        "r2": 0.8039855360984802,
        "ndcg@20": 0.9479851704090657
      },
      "elapsed_sec": 75.58498668670654,
      "executed_folds": 3,
      "stopped_early": false,
      "fold_metrics": [
        {
          "rmse": 1.2084731591100266,
          "mae": 0.9353412389755249,
          "spearman": 0.8728078522742765,
          "pearson": 0.9075727462768555,
          "r2": 0.8047930598258972,
          "ndcg@20": 0.9519741186870536,
          "train_spearman": 0.9208715587599395,
          "train_rmse": 0.9256416891629617,
          "train_mae": 0.732643723487854,
          "gap_spearman": 0.04806370648566305,
          "gap_rmse": 0.2828314699470649,
          "gap_mae": 0.2026975154876709,
          "fold": 0
        },
        {
          "rmse": 1.189248855163652,
          "mae": 0.8924185633659363,
          "spearman": 0.8430926376965956,
          "pearson": 0.8994506597518921,
          "r2": 0.8004627227783203,
          "ndcg@20": 0.9689191734443702,
          "train_spearman": 0.9324692614202393,
          "train_rmse": 0.8237568433300788,
          "train_mae": 0.6419867277145386,
          "gap_spearman": 0.08937662372364374,
          "gap_rmse": 0.36549201183357316,
          "gap_mae": 0.2504318356513977,
          "fold": 1
        },
        {
          "rmse": 1.1959712887095841,
          "mae": 0.8760824203491211,
          "spearman": 0.862858005332281,
          "pearson": 0.9039626121520996,
          "r2": 0.8063050508499146,
          "ndcg@20": 0.957458574435543,
          "train_spearman": 0.9191178526110756,
          "train_rmse": 0.9005070608985865,
          "train_mae": 0.6893777847290039,
          "gap_spearman": 0.05625984727879463,
          "gap_rmse": 0.2954642278109977,
          "gap_mae": 0.1867046356201172,
          "fold": 2
        }
      ],
      "oof_path": "/Users/skku_aws2_18/pre_project/say2_preproject/Improving GroupCV/results/exact_repo_random3_numeric_dl_v1_oof/FlatMLP.npy"
    },
    {
      "model": "WideDeep",
      "spearman_mean": 0.8637091884122022,
      "spearman_std": 0.009983566472827509,
      "rmse_mean": 1.143793703584829,
      "rmse_std": 0.014171759597798277,
      "mae_mean": 0.8543776671091715,
      "mae_std": 0.015062836742719788,
      "pearson_mean": 0.9066550731658936,
      "r2_mean": 0.821189304192861,
      "ndcg@20_mean": 0.9529429023670192,
      "overall_metrics": {
        "rmse": 1.1438522668363067,
        "mae": 0.8543776869773865,
        "spearman": 0.863388622110076,
        "pearson": 0.9062826037406921,
        "r2": 0.8212816119194031,
        "ndcg@20": 0.9475573037437659
      },
      "elapsed_sec": 90.88910913467407,
      "executed_folds": 3,
      "stopped_early": false,
      "fold_metrics": [
        {
          "rmse": 1.1495530296461969,
          "mae": 0.8708861470222473,
          "spearman": 0.8740285075302151,
          "pearson": 0.908479630947113,
          "r2": 0.8233640193939209,
          "ndcg@20": 0.9398469514574573,
          "train_spearman": 0.9277102880211565,
          "train_rmse": 0.8185624482923114,
          "train_mae": 0.6307803392410278,
          "gap_spearman": 0.05368178049094141,
          "gap_rmse": 0.3309905813538855,
          "gap_mae": 0.24010580778121948,
          "fold": 0
        },
        {
          "rmse": 1.1276489965441567,
          "mae": 0.8413808941841125,
          "spearman": 0.8540992098508291,
          "pearson": 0.9060101509094238,
          "r2": 0.8205983638763428,
          "ndcg@20": 0.9607303864013106,
          "train_spearman": 0.9437475892289776,
          "train_rmse": 0.7523600876599938,
          "train_mae": 0.5685718655586243,
          "gap_spearman": 0.08964837937814851,
          "gap_rmse": 0.3752889088841629,
          "gap_mae": 0.2728090286254883,
          "fold": 1
        },
        {
          "rmse": 1.154179084564133,
          "mae": 0.8508659601211548,
          "spearman": 0.8629998478555626,
          "pearson": 0.9054754376411438,
          "r2": 0.8196055293083191,
          "ndcg@20": 0.95825136924229,
          "train_spearman": 0.8980221810456135,
          "train_rmse": 0.9739686010026892,
          "train_mae": 0.7342652678489685,
          "gap_spearman": 0.03502233319005088,
          "gap_rmse": 0.18021048356144387,
          "gap_mae": 0.11660069227218628,
          "fold": 2
        }
      ],
      "oof_path": "/Users/skku_aws2_18/pre_project/say2_preproject/Improving GroupCV/results/exact_repo_random3_numeric_dl_v1_oof/WideDeep.npy"
    },
    {
      "model": "CrossAttention",
      "spearman_mean": 0.8380621528242521,
      "spearman_std": 0.020707560304324732,
      "rmse_mean": 1.2508303045822506,
      "rmse_std": 0.04031012585709925,
      "mae_mean": 0.9421911438306173,
      "mae_std": 0.028477620490541162,
      "pearson_mean": 0.8872273365656534,
      "r2_mean": 0.7859405080477396,
      "ndcg@20_mean": 0.9566319800834062,
      "overall_metrics": {
        "rmse": 1.251263266234901,
        "mae": 0.9421911239624023,
        "spearman": 0.8381730947426445,
        "pearson": 0.8868907690048218,
        "r2": 0.7861413955688477,
        "ndcg@20": 0.9526697095881654
      },
      "elapsed_sec": 217.97749781608582,
      "executed_folds": 3,
      "stopped_early": false,
      "fold_metrics": [
        {
          "rmse": 1.2168249430105704,
          "mae": 0.9099203944206238,
          "spearman": 0.8604242201816925,
          "pearson": 0.897275447845459,
          "r2": 0.8020855784416199,
          "ndcg@20": 0.9515986228864193,
          "train_spearman": 0.8667513296102556,
          "train_rmse": 1.1357589812279458,
          "train_mae": 0.8524359464645386,
          "gap_spearman": 0.006327109428563071,
          "gap_rmse": 0.0810659617826246,
          "gap_mae": 0.057484447956085205,
          "fold": 0
        },
        {
          "rmse": 1.2403078553066427,
          "mae": 0.9528562426567078,
          "spearman": 0.8195492359370227,
          "pearson": 0.8853106498718262,
          "r2": 0.7829611301422119,
          "ndcg@20": 0.9672206307575001,
          "train_spearman": 0.8588580332187119,
          "train_rmse": 1.1843021400606906,
          "train_mae": 0.8953457474708557,
          "gap_spearman": 0.039308797281689234,
          "gap_rmse": 0.056005715245952103,
          "gap_mae": 0.05751049518585205,
          "fold": 1
        },
        {
          "rmse": 1.2953581154295393,
          "mae": 0.9637967944145203,
          "spearman": 0.8342130023540413,
          "pearson": 0.8790959119796753,
          "r2": 0.7727748155593872,
          "ndcg@20": 0.9510766866062996,