{
  "input_features_path": "/Users/skku_aws2_18/pre_project/say2_preproject/Improving GroupCV/v3_input_reproduction/exact_repo_match/features_slim_exact_repo.parquet",
  "input_X_path": "/Users/skku_aws2_18/pre_project/say2_preproject/Improving GroupCV/v3_input_reproduction/exact_repo_match/X_train_exact_repo_numeric.npy",
  "input_y_path": "/Users/skku_aws2_18/pre_project/say2_preproject/Improving GroupCV/v3_input_reproduction/exact_repo_match/y_train_exact_repo.npy",
  "device": "cpu",
  "folds": 3,
  "context_mode": "none",
  "n_rows": 6366,
  "x_shape": [
    6366,
    5529
  ],
  "sample_dim_detected": 4415,
  "strong_context_columns": [],
  "smiles_vocab_size": 38,
  "smiles_observed_max_len": 244,
  "models": [
    {
      "model": "FlatMLP",
      "spearman_mean": 0.5940643353517833,
      "spearman_std": 0.018347127422073454,
      "rmse_mean": 2.0441288166847333,
      "rmse_std": 0.008779341040273217,
      "mae_mean": 1.5845173199971516,
      "mae_std": 0.005022796768593041,
      "pearson_mean": 0.6604366699854533,
      "r2_mean": 0.42515554030736286,
      "ndcg@20_mean": 0.8146958541316502,
      "overall_metrics": {
        "rmse": 2.0441494332649897,
        "mae": 1.584520697593689,
        "spearman": 0.5898950628226224,
        "pearson": 0.6620484590530396,
        "r2": 0.429238498210907,
        "ndcg@20": 0.8237562974937561
      },
      "elapsed_sec": 591.8703229427338,
      "executed_folds": 3,
      "stopped_early": false,
      "fold_metrics": [
        {
          "rmse": 2.0351687850126807,
          "mae": 1.578757405281067,
          "spearman": 0.6118773965928354,
          "pearson": 0.6937816143035889,
          "r2": 0.4710657596588135,
          "ndcg@20": 0.8287125561675982,
          "train_spearman": 0.8709458399273641,
          "train_rmse": 1.1879274201394225,
          "train_mae": 0.9198641777038574,
          "gap_spearman": 0.2590684433345287,
          "gap_rmse": 0.8472413648732582,
          "gap_mae": 0.6588932275772095,
          "fold": 0
        },
        {
          "rmse": 2.0527155591282034,
          "mae": 1.5879855155944824,
          "spearman": 0.5950894824122279,
          "pearson": 0.6574347019195557,
          "r2": 0.4248054623603821,
          "ndcg@20": 0.8148515212129916,
          "train_spearman": 0.8819662407975006,
          "train_rmse": 1.0288578957656205,
          "train_mae": 0.7808367013931274,
          "gap_spearman": 0.2868767583852727,
          "gap_rmse": 1.0238576633625829,
          "gap_mae": 0.807148814201355,
          "fold": 1
        },
        {
          "rmse": 2.044502105913316,
          "mae": 1.5868090391159058,
          "spearman": 0.5752261270502863,
          "pearson": 0.6300936937332153,
          "r2": 0.37959539890289307,
          "ndcg@20": 0.800523485014361,
          "train_spearman": 0.8814161298766134,
          "train_rmse": 1.0677440482268228,
          "train_mae": 0.8167397379875183,
          "gap_spearman": 0.30619000282632713,
          "gap_rmse": 0.9767580576864932,
          "gap_mae": 0.7700693011283875,
          "fold": 2
        }
      ]
    },
    {
      "model": "WideDeep",
      "spearman_mean": 0.5506452810910519,
      "spearman_std": 0.020716420368733134,
      "rmse_mean": 2.1610613355020596,
      "rmse_std": 0.08679144820926996,
      "mae_mean": 1.6239440441131592,
      "mae_std": 0.05076993696763178,
      "pearson_mean": 0.6013641556104025,
      "r2_mean": 0.3595242500305176,
      "ndcg@20_mean": 0.798818288883699,
      "overall_metrics": {
        "rmse": 2.162239711730382,
        "mae": 1.6239439249038696,
        "spearman": 0.5499878562500418,
        "pearson": 0.6025457382202148,
        "r2": 0.36138802766799927,
        "ndcg@20": 0.8441570386053634
      },
      "elapsed_sec": 781.5401380062103,
      "executed_folds": 3,
      "stopped_early": false,
      "fold_metrics": [
        {
          "rmse": 2.236800258056069,
          "mae": 1.6747339963912964,
          "spearman": 0.5360697410209615,
          "pearson": 0.603248119354248,
          "r2": 0.36106717586517334,
          "ndcg@20": 0.8171839460644917,
          "train_spearman": 0.8481620397771615,
          "train_rmse": 1.2700188742008585,
          "train_mae": 0.9794089198112488,
          "gap_spearman": 0.31209229875620004,
          "gap_rmse": 0.9667813838552106,
          "gap_mae": 0.6953250765800476,
          "fold": 0
        },
        {
          "rmse": 2.1800290732238685,
          "mae": 1.6239039897918701,
          "spearman": 0.5415063869290379,
          "pearson": 0.5944104194641113,
          "r2": 0.35124337673187256,
          "ndcg@20": 0.8179991633908295,
          "train_spearman": 0.852932420307841,
          "train_rmse": 1.1683701555831776,
          "train_mae": 0.8894894123077393,
          "gap_spearman": 0.31142603337880315,
          "gap_rmse": 1.011658917640691,
          "gap_mae": 0.7344145774841309,
          "fold": 1
        },
        {
          "rmse": 2.0663546752262416,
          "mae": 1.573194146156311,
          "spearman": 0.5743597153231565,
          "pearson": 0.6064339280128479,
          "r2": 0.36626219749450684,
          "ndcg@20": 0.7612717571957756,
          "train_spearman": 0.8619022436451458,
          "train_rmse": 1.2553518643236259,
          "train_mae": 0.9420005679130554,
          "gap_spearman": 0.28754252832198923,
          "gap_rmse": 0.8110028109026157,
          "gap_mae": 0.6311935782432556,
          "fold": 2
        }
      ]
    },
    {
      "model": "CrossAttention",
      "spearman_mean": 0.5794670202342372,
      "spearman_std": 0.008020214171404411,
      "rmse_mean": 2.1378384529579555,
      "rmse_std": 0.09896295837378148,
      "mae_mean": 1.6122790177663167,
      "mae_std": 0.0315316591679853,
      "pearson_mean": 0.6145598491032919,
      "r2_mean": 0.37232353289922077,
      "ndcg@20_mean": 0.8029081852588561,
      "overall_metrics": {
        "rmse": 2.139453539553148,
        "mae": 1.6123074293136597,
        "spearman": 0.5767311889866525,
        "pearson": 0.6124930381774902,
        "r2": 0.3747767210006714,
        "ndcg@20": 0.823615024278123
      },
      "elapsed_sec": 701.9368360042572,
      "executed_folds": 3,
      "stopped_early": false,
      "fold_metrics": [
        {
          "rmse": 2.147793649085385,
          "mae": 1.6151187419891357,
          "spearman": 0.5830929606421852,
          "pearson": 0.6444942355155945,
          "r2": 0.4109042286872864,
          "ndcg@20": 0.8057106826584872,
          "train_spearman": 0.8679920493632111,
          "train_rmse": 1.1435604730552569,
          "train_mae": 0.8586995601654053,
          "gap_spearman": 0.2848990887210259,
          "gap_rmse": 1.0042331760301282,
          "gap_mae": 0.7564191818237305,
          "fold": 0
        },
        {
          "rmse": 2.231447556242034,
          "mae": 1.6422947645187378,
          "spearman": 0.5702741277763569,
          "pearson": 0.5756579041481018,
          "r2": 0.32027918100357056,
          "ndcg@20": 0.8185468947603955,
          "train_spearman": 0.6222658781506863,
          "train_rmse": 2.116614457735587,
          "train_mae": 1.6040469408035278,
          "gap_spearman": 0.05199175037432946,
          "gap_rmse": 0.11483309850644696,
          "gap_mae": 0.03824782371520996,
          "fold": 1
        },
        {
          "rmse": 2.034274153546446,
          "mae": 1.5794235467910767,
          "spearman": 0.5850339722841699,
          "pearson": 0.6235274076461792,
          "r2": 0.3857871890068054,
          "ndcg@20": 0.7844669783576856,
          "train_spearman": 0.8679455908613689,
          "train_rmse": 1.157130962559623,
          "train_mae": 0.8635447025299072,
          "gap_spearman": 0.28291161857719904,
          "gap_rmse": 0.877143190986823,
          "gap_mae": 0.7158788442611694,
          "fold": 2
        }
      ]
    },
    {
      "model": "ResidualMLP",