{
  "variant": "baseline_numeric",
  "device": "cpu",
  "n_rows": 7730,
  "numeric_dim": 20394,
  "categorical_dim": 0,
  "auxiliary_dim": 0,
  "sample_dim_detected": 18320,
  "sample_dim_used": 18311,
  "context_summary": {
    "variant": "baseline_numeric",
    "matched_rows": 0,
    "unmatched_rows": 7730,
    "match_rate": 0.0,
    "categorical_columns": [],
    "auxiliary_columns": []
  },
  "models": [
    {
      "model": "FlatMLP",
      "variant": "baseline_numeric",
      "spearman_mean": 0.33293131170028384,
      "spearman_std": 0.034236826795784187,
      "rmse_mean": 2.4208800872735163,
      "rmse_std": 0.12117738023797109,
      "mae_mean": 1.7980358203252156,
      "mae_std": 0.06727315869136864,
      "ndcg@20_mean": 0.7829339761674726,
      "ndcg@20_std": 0.13319474754526375,
      "pearson_mean": 0.3960452179114024,
      "r2_mean": 0.14099464813868204,
      "r2_std": 0.09538935276403225,
      "train_spearman_mean": 0.8374756679127932,
      "gap_spearman_mean": 0.5045443562125095,
      "elapsed_sec": 203.26179814338684,
      "folds": [
        {
          "rmse": 2.558372150172225,
          "mae": 1.8469998836517334,
          "spearman": 0.350088672164573,
          "pearson": 0.4165797829627991,
          "r2": 0.15002936124801636,
          "ndcg@20": 0.846904307014026,
          "train_spearman": 0.8510384704278852,
          "train_rmse": 1.115976704528665,
          "train_mae": 0.7636336088180542,
          "gap_spearman": 0.5009497982633122,
          "gap_rmse": 1.4423954456435601,
          "gap_mae": 1.0833662748336792,
          "fold": 0,
          "n_train": 5153,
          "n_val": 2577,
          "n_train_groups": 197,
          "n_val_groups": 98,
          "numeric_transform_dim": 20394
        },
        {
          "rmse": 2.3746264314486027,
          "mae": 1.7213276624679565,
          "spearman": 0.29350819849445076,
          "pearson": 0.2821264863014221,
          "r2": 0.04140937328338623,
          "ndcg@20": 0.6298220657529124,
          "train_spearman": 0.8417468841389714,
          "train_rmse": 1.2150903187843054,
          "train_mae": 0.9138263463973999,
          "gap_spearman": 0.5482386856445206,
          "gap_rmse": 1.1595361126642973,
          "gap_mae": 0.8075013160705566,
          "fold": 1,
          "n_train": 5153,
          "n_val": 2577,
          "n_train_groups": 196,
          "n_val_groups": 99,
          "numeric_transform_dim": 20394
        },
        {
          "rmse": 2.329641680199721,
          "mae": 1.825779914855957,
          "spearman": 0.3551970644418277,
          "pearson": 0.48942938446998596,
          "r2": 0.23154520988464355,
          "ndcg@20": 0.8720755557354795,
          "train_spearman": 0.819641649171523,
          "train_rmse": 1.2508703063102178,
          "train_mae": 0.8736433386802673,
          "gap_spearman": 0.46444458472969535,
          "gap_rmse": 1.0787713738895033,
          "gap_mae": 0.9521365761756897,
          "fold": 2,
          "n_train": 5154,
          "n_val": 2576,
          "n_train_groups": 197,
          "n_val_groups": 98,
          "numeric_transform_dim": 20394
        }
      ]
    }
  ]
}