{
  "variant": "x_repacked_blocksvd",
  "device": "cpu",
  "n_rows": 7730,
  "numeric_dim": 20394,
  "categorical_dim": 0,
  "auxiliary_dim": 0,
  "sample_dim_detected": 18320,
  "sample_dim_used": 18311,
  "context_summary": {
    "variant": "x_repacked_blocksvd",
    "matched_rows": 0,
    "unmatched_rows": 7730,
    "match_rate": 0.0,
    "categorical_columns": [],
    "auxiliary_columns": [],
    "numeric_transform_note": "Current numeric X is re-packed by block: sample CRISPR and drug Morgan are compressed with train-fold SVD and row summary statistics; smaller drug/target/LINCS blocks pass through."
  },
  "models": [
    {
      "model": "FlatMLP",
      "variant": "x_repacked_blocksvd",
      "spearman_mean": 0.45831900477384213,
      "spearman_std": 0.03735524583650801,
      "rmse_mean": 2.2838402773120925,
      "rmse_std": 0.14749042378610602,
      "mae_mean": 1.7190635999043782,
      "mae_std": 0.13212515231017116,
      "ndcg@20_mean": 0.8238231006512508,
      "ndcg@20_std": 0.05213130542629584,
      "pearson_mean": 0.5102946062882742,
      "r2_mean": 0.23919256528218588,
      "r2_std": 0.025279424850714494,
      "train_spearman_mean": 0.7863535276808841,
      "gap_spearman_mean": 0.32803452290704205,
      "elapsed_sec": 25.860748052597046,
      "folds": [
        {
          "rmse": 2.4360728854470772,
          "mae": 1.7902679443359375,
          "spearman": 0.495243246440935,
          "pearson": 0.5031014680862427,
          "r2": 0.22935020923614502,
          "ndcg@20": 0.8206610326443988,
          "train_spearman": 0.7497976219754267,
          "train_rmse": 1.4410794515685221,
          "train_mae": 1.0882704257965088,
          "gap_spearman": 0.2545543755344917,
          "gap_rmse": 0.9949934338785551,
          "gap_mae": 0.7019975185394287,
          "fold": 0,
          "n_train": 5153,
          "n_val": 2577,
          "n_train_groups": 197,
          "n_val_groups": 98,
          "sample_svd_dim": 256,
          "sample_summary_dim": 5,
          "drug_svd_dim": 96,
          "drug_summary_dim": 5,
          "passthrough_dim": 26,
          "numeric_transform_dim": 388
        },
        {
          "rmse": 2.1416002265727707,
          "mae": 1.5666089057922363,
          "spearman": 0.45916658809361044,
          "pearson": 0.48903414607048035,
          "r2": 0.22031468152999878,
          "ndcg@20": 0.7733448031194968,
          "train_spearman": 0.8548127068760756,
          "train_rmse": 1.162262568273959,
          "train_mae": 0.8740992546081543,
          "gap_spearman": 0.39564611878246514,
          "gap_rmse": 0.9793376582988118,
          "gap_mae": 0.692509651184082,
          "fold": 1,
          "n_train": 5153,
          "n_val": 2577,
          "n_train_groups": 196,
          "n_val_groups": 99,
          "sample_svd_dim": 256,
          "sample_summary_dim": 5,
          "drug_svd_dim": 96,
          "drug_summary_dim": 5,
          "passthrough_dim": 26,
          "numeric_transform_dim": 388
        },
        {
          "rmse": 2.2738477199164286,
          "mae": 1.800313949584961,
          "spearman": 0.4205471797869809,
          "pearson": 0.5387482047080994,
          "r2": 0.2679128050804138,
          "ndcg@20": 0.8774634661898566,
          "train_spearman": 0.7544502541911503,
          "train_rmse": 1.4463353841860414,
          "train_mae": 1.0874117612838745,
          "gap_spearman": 0.3339030744041694,
          "gap_rmse": 0.8275123357303873,
          "gap_mae": 0.7129021883010864,
          "fold": 2,
          "n_train": 5154,
          "n_val": 2576,
          "n_train_groups": 197,
          "n_val_groups": 98,
          "sample_svd_dim": 256,
          "sample_summary_dim": 5,
          "drug_svd_dim": 96,
          "drug_summary_dim": 5,
          "passthrough_dim": 26,
          "numeric_transform_dim": 388
        }
      ]
    }
  ]
}