{
  "variant": "reconstructed_context_full",
  "device": "cpu",
  "n_rows": 7730,
  "numeric_dim": 20394,
  "categorical_dim": 11,
  "auxiliary_dim": 0,
  "sample_dim_detected": 18320,
  "sample_dim_used": 18311,
  "context_summary": {
    "variant": "reconstructed_context_full",
    "matched_rows": 7730,
    "unmatched_rows": 0,
    "match_rate": 1.0,
    "categorical_columns": [
      "classification",
      "drug_bridge_strength",
      "stage3_resolution_status",
      "WEBRELEASE",
      "drugbank_match_rule",
      "chembl_match_rule",
      "lincs_match_rule",
      "admet_match_rule",
      "cell_bridge_match_rule",
      "TCGA_DESC",
      "PATHWAY_NAME_NORMALIZED"
    ],
    "column_non_missing_rate": {
      "classification": 1.0,
      "drug_bridge_strength": 1.0,
      "stage3_resolution_status": 1.0,
      "WEBRELEASE": 1.0,
      "drugbank_match_rule": 0.05873221216041397,
      "chembl_match_rule": 0.4483829236739974,
      "lincs_match_rule": 0.3354463130659767,
      "admet_match_rule": 0.0,
      "cell_bridge_match_rule": 1.0,
      "TCGA_DESC": 1.0,
      "PATHWAY_NAME_NORMALIZED": 1.0
    },
    "coverage_note": "Context reconstructed from current pipeline sources: cellline annotation, GDSC drug annotation, drug catalog, target mapping, and current pair feature availability."
  },
  "models": [
    {
      "model": "FTTransformer",
      "variant": "reconstructed_context_full",
      "spearman_mean": 0.3649955657004233,
      "spearman_std": 0.048187848645471154,
      "rmse_mean": 2.3820647528485535,
      "rmse_std": 0.12142110152678987,
      "mae_mean": 1.7956783771514893,
      "mae_std": 0.13463797636488062,
      "ndcg@20_mean": 0.7713000926086035,
      "ndcg@20_std": 0.11652798909055667,
      "pearson_mean": 0.436915655930837,
      "r2_mean": 0.17128475507100424,
      "r2_std": 0.0361169328234089,
      "train_spearman_mean": 0.6275249980306244,
      "gap_spearman_mean": 0.2625294323302012,
      "elapsed_sec": 393.49466586112976,
      "folds": [
        {
          "rmse": 2.46255256093275,
          "mae": 1.877677083015442,
          "spearman": 0.38960411688957813,
          "pearson": 0.48390164971351624,
          "r2": 0.21250557899475098,
          "ndcg@20": 0.831637315770069,
          "train_spearman": 0.797529412469842,
          "train_rmse": 1.2928558484713029,
          "train_mae": 0.9468057751655579,
          "gap_spearman": 0.40792529558026386,
          "gap_rmse": 1.1696967124614472,
          "gap_mae": 0.930871307849884,
          "fold": 0,
          "n_train": 5153,
          "n_val": 2577,
          "n_train_groups": 197,
          "n_val_groups": 98
        },
        {
          "rmse": 2.2424006875798197,
          "mae": 1.6402913331985474,
          "spearman": 0.3959103040158935,
          "pearson": 0.3856379985809326,
          "r2": 0.14519113302230835,
          "ndcg@20": 0.636976131345958,
          "train_spearman": 0.4699847022436273,
          "train_rmse": 2.2106581872072635,
          "train_mae": 1.7117748260498047,
          "gap_spearman": 0.07407439822773382,
          "gap_rmse": 0.031742500372556215,
          "gap_mae": -0.07148349285125732,
          "fold": 1,
          "n_train": 5153,
          "n_val": 2577,
          "n_train_groups": 196,
          "n_val_groups": 99
        },
        {
          "rmse": 2.44124101003309,
          "mae": 1.8690667152404785,
          "spearman": 0.30947227619579815,
          "pearson": 0.44120731949806213,
          "r2": 0.15615755319595337,
          "ndcg@20": 0.8452868307097835,
          "train_spearman": 0.615060879378404,
          "train_rmse": 1.8433299475162217,
          "train_mae": 1.365678310394287,
          "gap_spearman": 0.3055886031826059,
          "gap_rmse": 0.5979110625168684,
          "gap_mae": 0.5033884048461914,
          "fold": 2,
          "n_train": 5154,
          "n_val": 2576,
          "n_train_groups": 197,
          "n_val_groups": 98
        }
      ]
    }
  ]
}