{
  "variant": "baseline_numeric",
  "device": "mps",
  "n_rows": 7730,
  "numeric_dim": 20394,
  "categorical_dim": 0,
  "sample_dim_detected": 18320,
  "sample_dim_used": 18311,
  "context_summary": {
    "variant": "baseline_numeric",
    "matched_rows": 0,
    "unmatched_rows": 7730,
    "match_rate": 0.0,
    "categorical_columns": []
  },
  "models": [
    {
      "model": "FTTransformer",
      "variant": "baseline_numeric",
      "spearman_mean": 0.37669216506397235,
      "spearman_std": 0.04452299846323993,
      "rmse_mean": 2.3620577233858073,
      "rmse_std": 0.2178109966858528,
      "mae_mean": 1.7804986476898192,
      "mae_std": 0.1584393192751943,
      "ndcg@20_mean": 0.8241479808603449,
      "ndcg@20_std": 0.06873826358679598,
      "pearson_mean": 0.46594046950340273,
      "r2_mean": 0.17854042053222657,
      "r2_std": 0.033786288083632154,
      "train_spearman_mean": 0.6696844053065646,
      "gap_spearman_mean": 0.29299224024259224,
      "elapsed_sec": 236.350261926651,
      "folds": [
        {
          "rmse": 2.5283640669495173,
          "mae": 1.9336764812469482,
          "spearman": 0.3921549667115995,
          "pearson": 0.4790927767753601,
          "r2": 0.19616490602493286,
          "ndcg@20": 0.8182340967683388,
          "train_spearman": 0.4611199878076784,
          "train_rmse": 2.106771034520489,
          "train_mae": 1.5836811065673828,
          "gap_spearman": 0.06896502109607888,
          "gap_rmse": 0.42159303242902846,
          "gap_mae": 0.34999537467956543,
          "fold": 0,
          "n_train": 6180,
          "n_val": 1550,
          "n_train_groups": 238,
          "n_val_groups": 57
        },
        {
          "rmse": 2.5223883464438774,
          "mae": 1.9016119241714478,
          "spearman": 0.33596797937746736,
          "pearson": 0.4134674072265625,
          "r2": 0.12204742431640625,
          "ndcg@20": 0.7301693480741567,
          "train_spearman": 0.7137962289268852,
          "train_rmse": 1.5649449102924888,
          "train_mae": 1.1775567531585693,
          "gap_spearman": 0.37782824954941785,
          "gap_rmse": 0.9574434361513886,
          "gap_mae": 0.7240551710128784,
          "fold": 1,
          "n_train": 6186,
          "n_val": 1544,
          "n_train_groups": 235,
          "n_val_groups": 60
        },
        {
          "rmse": 2.3273179876534957,
          "mae": 1.764613389968872,
          "spearman": 0.32305912258961667,
          "pearson": 0.46068820357322693,
          "r2": 0.1796754002571106,
          "ndcg@20": 0.8010298618122745,
          "train_spearman": 0.8092369383574038,
          "train_rmse": 1.2850894156936394,
          "train_mae": 0.95528644323349,
          "gap_spearman": 0.4861778157677872,
          "gap_rmse": 1.0422285719598563,
          "gap_mae": 0.8093269467353821,
          "fold": 2,
          "n_train": 6186,
          "n_val": 1544,
          "n_train_groups": 234,
          "n_val_groups": 61
        },
        {
          "rmse": 2.4312764458088316,
          "mae": 1.7709641456604004,
          "spearman": 0.41150453627765937,
          "pearson": 0.43828123807907104,
          "r2": 0.18416380882263184,
          "ndcg@20": 0.8545680742426282,
          "train_spearman": 0.5355609205500785,
          "train_rmse": 1.9500168139393046,
          "train_mae": 1.4816985130310059,
          "gap_spearman": 0.12405638427241916,
          "gap_rmse": 0.481259631869527,
          "gap_mae": 0.28926563262939453,
          "fold": 3,
          "n_train": 6187,
          "n_val": 1543,
          "n_train_groups": 235,
          "n_val_groups": 60
        },
        {
          "rmse": 2.0009417700733123,
          "mae": 1.5316272974014282,
          "spearman": 0.42077422036351886,
          "pearson": 0.538172721862793,
          "r2": 0.21065056324005127,
          "ndcg@20": 0.9167385234043266,
          "train_spearman": 0.828707950890777,
          "train_rmse": 1.255042966129955,
          "train_mae": 0.9001561403274536,
          "gap_spearman": 0.4079337305272581,
          "gap_rmse": 0.7458988039433574,
          "gap_mae": 0.6314711570739746,
          "fold": 4,
          "n_train": 6181,
          "n_val": 1549,
          "n_train_groups": 238,
          "n_val_groups": 57
        }
      ]
    }
  ]
}