{
  "variant": "context_categorical",
  "device": "mps",
  "n_rows": 7730,
  "numeric_dim": 20394,
  "categorical_dim": 11,
  "sample_dim_detected": 18320,
  "sample_dim_used": 18311,
  "context_summary": {
    "variant": "context_categorical",
    "matched_rows": 3295,
    "unmatched_rows": 4435,
    "match_rate": 0.42626131953428203,
    "categorical_columns": [
      "classification",
      "drug_bridge_strength",
      "stage3_resolution_status",
      "WEBRELEASE",
      "drugbank_match_rule",
      "chembl_match_rule",
      "lincs_match_rule",
      "admet_match_rule",
      "cell_bridge_match_rule",
      "TCGA_DESC",
      "PATHWAY_NAME_NORMALIZED"
    ],
    "coverage_note": "Context rows are matched from hybrid sample-aware cache to current common input by (CELL_LINE_NAME/sample_id, DRUG_ID/canonical_drug_id)."
  },
  "models": [
    {
      "model": "FTTransformer",
      "variant": "context_categorical",
      "spearman_mean": 0.4130345017899194,
      "spearman_std": NaN,
      "rmse_mean": 2.5504905453244775,
      "rmse_std": NaN,
      "mae_mean": 1.9173094034194946,
      "mae_std": NaN,
      "ndcg@20_mean": 0.7859692340796935,
      "ndcg@20_std": NaN,
      "pearson_mean": 0.49613240361213684,
      "r2_mean": 0.18203413486480713,
      "r2_std": NaN,
      "train_spearman_mean": 0.5690605798821927,
      "gap_spearman_mean": 0.1560260780922733,
      "elapsed_sec": 61.968148946762085,
      "folds": [
        {
          "rmse": 2.5504905453244775,
          "mae": 1.9173094034194946,
          "spearman": 0.4130345017899194,
          "pearson": 0.49613240361213684,
          "r2": 0.18203413486480713,
          "ndcg@20": 0.7859692340796935,
          "train_spearman": 0.5690605798821927,
          "train_rmse": 1.846713061260599,
          "train_mae": 1.4000575542449951,
          "gap_spearman": 0.1560260780922733,
          "gap_rmse": 0.7037774840638784,
          "gap_mae": 0.5172518491744995,
          "fold": 0,
          "n_train": 6180,
          "n_val": 1550,
          "n_train_groups": 238,
          "n_val_groups": 57
        }
      ]
    }
  ]
}