{
  "variant": "reconstructed_context_full",
  "device": "mps",
  "n_rows": 7730,
  "numeric_dim": 20394,
  "categorical_dim": 11,
  "sample_dim_detected": 18320,
  "sample_dim_used": 18311,
  "context_summary": {
    "variant": "reconstructed_context_full",
    "matched_rows": 7730,
    "unmatched_rows": 0,
    "match_rate": 1.0,
    "categorical_columns": [
      "classification",
      "drug_bridge_strength",
      "stage3_resolution_status",
      "WEBRELEASE",
      "drugbank_match_rule",
      "chembl_match_rule",
      "lincs_match_rule",
      "admet_match_rule",
      "cell_bridge_match_rule",
      "TCGA_DESC",
      "PATHWAY_NAME_NORMALIZED"
    ],
    "column_non_missing_rate": {
      "classification": 1.0,
      "drug_bridge_strength": 1.0,
      "stage3_resolution_status": 1.0,
      "WEBRELEASE": 1.0,
      "drugbank_match_rule": 0.05873221216041397,
      "chembl_match_rule": 0.4483829236739974,
      "lincs_match_rule": 0.3354463130659767,
      "admet_match_rule": 0.0,
      "cell_bridge_match_rule": 1.0,
      "TCGA_DESC": 1.0,
      "PATHWAY_NAME_NORMALIZED": 1.0
    },
    "coverage_note": "Context reconstructed from current pipeline sources: cellline annotation, GDSC drug annotation, drug catalog, target mapping, and current pair feature availability."
  },
  "models": [
    {
      "model": "FTTransformer",
      "variant": "reconstructed_context_full",
      "spearman_mean": 0.3893880533079218,
      "spearman_std": 0.06979076273548855,
      "rmse_mean": 2.3426645128564303,
      "rmse_std": 0.15081509576727364,
      "mae_mean": 1.7781501054763793,
      "mae_std": 0.12169365919696047,
      "ndcg@20_mean": 0.7820598705814277,
      "ndcg@20_std": 0.07828574843856811,
      "pearson_mean": 0.46490474939346316,
      "r2_mean": 0.1884484052658081,
      "r2_std": 0.04447017259829132,
      "train_spearman_mean": 0.6107980910272878,
      "gap_spearman_mean": 0.22141003771936596,
      "elapsed_sec": 233.30732703208923,
      "folds": [
        {
          "rmse": 2.514737085057623,
          "mae": 1.9445350170135498,
          "spearman": 0.452755837519995,
          "pearson": 0.4577372074127197,
          "r2": 0.20480632781982422,
          "ndcg@20": 0.7935851912606091,
          "train_spearman": 0.4489163856403351,
          "train_rmse": 2.186641742730955,
          "train_mae": 1.6691946983337402,
          "gap_spearman": -0.003839451879659894,
          "gap_rmse": 0.32809534232666815,
          "gap_mae": 0.27534031867980957,
          "fold": 0,
          "n_train": 6180,
          "n_val": 1550,
          "n_train_groups": 238,
          "n_val_groups": 57
        },
        {
          "rmse": 2.3660365161222217,
          "mae": 1.811760663986206,
          "spearman": 0.41819633096403225,
          "pearson": 0.5044755935668945,
          "r2": 0.22751504182815552,
          "ndcg@20": 0.7080635328034746,
          "train_spearman": 0.8372178396180159,
          "train_rmse": 1.184713306271712,
          "train_mae": 0.8595796227455139,
          "gap_spearman": 0.41902150865398363,
          "gap_rmse": 1.1813232098505098,
          "gap_mae": 0.9521810412406921,
          "fold": 1,
          "n_train": 6186,
          "n_val": 1544,
          "n_train_groups": 235,
          "n_val_groups": 60
        },
        {
          "rmse": 2.367796061130112,
          "mae": 1.781636118888855,
          "spearman": 0.2996571833209292,
          "pearson": 0.46819350123405457,
          "r2": 0.15089213848114014,
          "ndcg@20": 0.8122208276402081,
          "train_spearman": 0.6530446414035294,
          "train_rmse": 1.7873072113429482,
          "train_mae": 1.3416239023208618,
          "gap_spearman": 0.35338745808260014,
          "gap_rmse": 0.5804888497871636,
          "gap_mae": 0.44001221656799316,
          "fold": 2,
          "n_train": 6186,
          "n_val": 1544,
          "n_train_groups": 234,
          "n_val_groups": 61
        },
        {
          "rmse": 2.366292551406688,
          "mae": 1.7460845708847046,
          "spearman": 0.44553701305939,
          "pearson": 0.48003944754600525,
          "r2": 0.22719281911849976,
          "ndcg@20": 0.8916886650822783,
          "train_spearman": 0.5012272976679139,
          "train_rmse": 2.0574488197533713,
          "train_mae": 1.555153489112854,
          "gap_spearman": 0.05569028460852388,
          "gap_rmse": 0.3088437316533166,
          "gap_mae": 0.19093108177185059,
          "fold": 3,
          "n_train": 6187,
          "n_val": 1543,
          "n_train_groups": 235,
          "n_val_groups": 60
        },
        {
          "rmse": 2.098460350565506,
          "mae": 1.6067341566085815,
          "spearman": 0.3307939016752627,
          "pearson": 0.4140779972076416,
          "r2": 0.1318356990814209,
          "ndcg@20": 0.7047411361205685,
          "train_spearman": 0.6135842908066448,
          "train_rmse": 1.9173971594695043,
          "train_mae": 1.4446359872817993,
          "gap_spearman": 0.2827903891313821,
          "gap_rmse": 0.18106319109600189,
          "gap_mae": 0.16209816932678223,
          "fold": 4,
          "n_train": 6181,
          "n_val": 1549,
          "n_train_groups": 238,
          "n_val_groups": 57
        }
      ]
    }
  ]
}