{
  "variant": "baseline_numeric",
  "device": "mps",
  "n_rows": 7730,
  "numeric_dim": 20394,
  "categorical_dim": 0,
  "sample_dim_detected": 18320,
  "sample_dim_used": 18311,
  "context_summary": {
    "variant": "baseline_numeric",
    "matched_rows": 0,
    "unmatched_rows": 7730,
    "match_rate": 0.0,
    "categorical_columns": []
  },
  "models": [
    {
      "model": "FTTransformer",
      "variant": "baseline_numeric",
      "spearman_mean": 0.3921549667115995,
      "spearman_std": NaN,
      "rmse_mean": 2.5283640669495173,
      "rmse_std": NaN,
      "mae_mean": 1.9336764812469482,
      "mae_std": NaN,
      "ndcg@20_mean": 0.8182340967683388,
      "ndcg@20_std": NaN,
      "pearson_mean": 0.4790927767753601,
      "r2_mean": 0.19616490602493286,
      "r2_std": NaN,
      "train_spearman_mean": 0.4611199878076784,
      "gap_spearman_mean": 0.06896502109607888,
      "elapsed_sec": 48.85388922691345,
      "folds": [
        {
          "rmse": 2.5283640669495173,
          "mae": 1.9336764812469482,
          "spearman": 0.3921549667115995,
          "pearson": 0.4790927767753601,
          "r2": 0.19616490602493286,
          "ndcg@20": 0.8182340967683388,
          "train_spearman": 0.4611199878076784,
          "train_rmse": 2.106771034520489,
          "train_mae": 1.5836811065673828,
          "gap_spearman": 0.06896502109607888,
          "gap_rmse": 0.42159303242902846,
          "gap_mae": 0.34999537467956543,
          "fold": 0,
          "n_train": 6180,
          "n_val": 1550,
          "n_train_groups": 238,
          "n_val_groups": 57
        }
      ]
    }
  ]
}