{
  "variant": "x_repacked_blocksvd",
  "device": "cpu",
  "n_rows": 7730,
  "numeric_dim": 20394,
  "categorical_dim": 0,
  "auxiliary_dim": 0,
  "sample_dim_detected": 18320,
  "sample_dim_used": 18311,
  "context_summary": {
    "variant": "x_repacked_blocksvd",
    "matched_rows": 0,
    "unmatched_rows": 7730,
    "match_rate": 0.0,
    "categorical_columns": [],
    "auxiliary_columns": [],
    "numeric_transform_note": "Current numeric X is re-packed by block: sample CRISPR and drug Morgan are compressed with train-fold SVD and row summary statistics; smaller drug/target/LINCS blocks pass through."
  },
  "models": [
    {
      "model": "FTTransformer",
      "variant": "x_repacked_blocksvd",
      "spearman_mean": 0.4388929263234324,
      "spearman_std": 0.05444294991345735,
      "rmse_mean": 2.343808609590072,
      "rmse_std": 0.07833758802734866,
      "mae_mean": 1.7646934986114502,
      "mae_std": 0.05256724131535917,
      "ndcg@20_mean": 0.7304592844659242,
      "ndcg@20_std": 0.15018688072189892,
      "pearson_mean": 0.4860949019591014,
      "r2_mean": 0.1956480344136556,
      "r2_std": 0.06564116562805417,
      "train_spearman_mean": 0.7695822106101518,
      "gap_spearman_mean": 0.33068928428671934,
      "elapsed_sec": 356.28931617736816,
      "folds": [
        {
          "rmse": 2.4292636513910897,
          "mae": 1.7866448163986206,
          "spearman": 0.501032210144689,
          "pearson": 0.5015697479248047,
          "r2": 0.23365241289138794,
          "ndcg@20": 0.7803096131957016,
          "train_spearman": 0.7594504555094974,
          "train_rmse": 1.434118938653014,
          "train_mae": 1.0693726539611816,
          "gap_spearman": 0.2584182453648084,
          "gap_rmse": 0.9951447127380757,
          "gap_mae": 0.717272162437439,
          "fold": 0,
          "n_train": 5153,
          "n_val": 2577,
          "n_train_groups": 197,
          "n_val_groups": 98,
          "sample_svd_dim": 256,
          "sample_summary_dim": 5,
          "drug_svd_dim": 96,
          "drug_summary_dim": 5,
          "passthrough_dim": 26,
          "numeric_transform_dim": 388
        },
        {
          "rmse": 2.2753934540956124,
          "mae": 1.704708456993103,
          "spearman": 0.399573020785791,
          "pearson": 0.4334731996059418,
          "r2": 0.11985224485397339,
          "ndcg@20": 0.5616859095277936,
          "train_spearman": 0.8306057429207432,
          "train_rmse": 1.2707109809301955,
          "train_mae": 0.962718665599823,
          "gap_spearman": 0.4310327221349522,
          "gap_rmse": 1.004682473165417,
          "gap_mae": 0.74198979139328,
          "fold": 1,
          "n_train": 5153,
          "n_val": 2577,
          "n_train_groups": 196,
          "n_val_groups": 99,
          "sample_svd_dim": 256,
          "sample_summary_dim": 5,
          "drug_svd_dim": 96,
          "drug_summary_dim": 5,
          "passthrough_dim": 26,
          "numeric_transform_dim": 388
        },
        {
          "rmse": 2.3267687232835135,
          "mae": 1.802727222442627,
          "spearman": 0.41607354803981733,
          "pearson": 0.5232417583465576,
          "r2": 0.23343944549560547,
          "ndcg@20": 0.8493823306742775,
          "train_spearman": 0.7186904334002148,
          "train_rmse": 1.6521474302284065,
          "train_mae": 1.2096396684646606,
          "gap_spearman": 0.30261688536039744,
          "gap_rmse": 0.674621293055107,
          "gap_mae": 0.5930875539779663,
          "fold": 2,
          "n_train": 5154,
          "n_val": 2576,
          "n_train_groups": 197,
          "n_val_groups": 98,
          "sample_svd_dim": 256,
          "sample_summary_dim": 5,
          "drug_svd_dim": 96,
          "drug_summary_dim": 5,
          "passthrough_dim": 26,
          "numeric_transform_dim": 388
        }
      ]
    }
  ]
}