{
  "variant": "reconstructed_context_full",
  "device": "mps",
  "n_rows": 7730,
  "numeric_dim": 20394,
  "categorical_dim": 11,
  "sample_dim_detected": 18320,
  "sample_dim_used": 18311,
  "context_summary": {
    "variant": "reconstructed_context_full",
    "matched_rows": 7730,
    "unmatched_rows": 0,
    "match_rate": 1.0,
    "categorical_columns": [
      "classification",
      "drug_bridge_strength",
      "stage3_resolution_status",
      "WEBRELEASE",
      "drugbank_match_rule",
      "chembl_match_rule",
      "lincs_match_rule",
      "admet_match_rule",
      "cell_bridge_match_rule",
      "TCGA_DESC",
      "PATHWAY_NAME_NORMALIZED"
    ],
    "column_non_missing_rate": {
      "classification": 1.0,
      "drug_bridge_strength": 1.0,
      "stage3_resolution_status": 1.0,
      "WEBRELEASE": 1.0,
      "drugbank_match_rule": 0.05873221216041397,
      "chembl_match_rule": 0.4483829236739974,
      "lincs_match_rule": 0.3354463130659767,
      "admet_match_rule": 0.0,
      "cell_bridge_match_rule": 1.0,
      "TCGA_DESC": 1.0,
      "PATHWAY_NAME_NORMALIZED": 1.0
    },
    "coverage_note": "Context reconstructed from current pipeline sources: cellline annotation, GDSC drug annotation, drug catalog, target mapping, and current pair feature availability."
  },
  "models": [
    {
      "model": "FTTransformer",
      "variant": "reconstructed_context_full",
      "spearman_mean": 0.452755837519995,
      "spearman_std": NaN,
      "rmse_mean": 2.514737085057623,
      "rmse_std": NaN,
      "mae_mean": 1.9445350170135498,
      "mae_std": NaN,
      "ndcg@20_mean": 0.7935851912606091,
      "ndcg@20_std": NaN,
      "pearson_mean": 0.4577372074127197,
      "r2_mean": 0.20480632781982422,
      "r2_std": NaN,
      "train_spearman_mean": 0.44891620783144626,
      "gap_spearman_mean": -0.003839629688548729,
      "elapsed_sec": 52.19089722633362,
      "folds": [
        {
          "rmse": 2.514737085057623,
          "mae": 1.9445350170135498,
          "spearman": 0.452755837519995,
          "pearson": 0.4577372074127197,
          "r2": 0.20480632781982422,
          "ndcg@20": 0.7935851912606091,
          "train_spearman": 0.44891620783144626,
          "train_rmse": 2.1866416336968224,
          "train_mae": 1.6691946983337402,
          "gap_spearman": -0.003839629688548729,
          "gap_rmse": 0.32809545136080054,
          "gap_mae": 0.27534031867980957,
          "fold": 0,
          "n_train": 6180,
          "n_val": 1550,
          "n_train_groups": 238,
          "n_val_groups": 57
        }
      ]
    }
  ]
}