{
  "variant": "baseline_numeric",
  "device": "cpu",
  "n_rows": 7730,
  "numeric_dim": 20394,
  "categorical_dim": 0,
  "auxiliary_dim": 0,
  "sample_dim_detected": 18320,
  "sample_dim_used": 18311,
  "context_summary": {
    "variant": "baseline_numeric",
    "matched_rows": 0,
    "unmatched_rows": 7730,
    "match_rate": 0.0,
    "categorical_columns": [],
    "auxiliary_columns": []
  },
  "models": [
    {
      "model": "FTTransformer",
      "variant": "baseline_numeric",
      "spearman_mean": 0.3366962873378095,
      "spearman_std": 0.05045695375374923,
      "rmse_mean": 2.4471271595938675,
      "rmse_std": 0.12042419938774238,
      "mae_mean": 1.8271694978078206,
      "mae_std": 0.13563285562119248,
      "ndcg@20_mean": 0.7684643845862219,
      "ndcg@20_std": 0.1602276772853607,
      "pearson_mean": 0.4011511504650116,
      "r2_mean": 0.12537344296773276,
      "r2_std": 0.03506750649626866,
      "train_spearman_mean": 0.5235787782985671,
      "gap_spearman_mean": 0.1868824909607576,
      "elapsed_sec": 298.50766801834106,
      "folds": [
        {
          "rmse": 2.5592353307600395,
          "mae": 1.8704875707626343,
          "spearman": 0.3706272416224994,
          "pearson": 0.4400341510772705,
          "r2": 0.149455726146698,
          "ndcg@20": 0.8219062708648193,
          "train_spearman": 0.5292275564133511,
          "train_rmse": 1.9262056018581928,
          "train_mae": 1.446185827255249,
          "gap_spearman": 0.15860031479085168,
          "gap_rmse": 0.6330297289018467,
          "gap_mae": 0.42430174350738525,
          "fold": 0,
          "n_train": 5153,
          "n_val": 2577,
          "n_train_groups": 197,
          "n_val_groups": 98
        },
        {
          "rmse": 2.3198283811101104,
          "mae": 1.6751688718795776,
          "spearman": 0.36074814723854554,
          "pearson": 0.3830015957355499,
          "r2": 0.08514076471328735,
          "ndcg@20": 0.5883456508451653,
          "train_spearman": 0.6090357651425591,
          "train_rmse": 1.8995043107978202,
          "train_mae": 1.4410042762756348,
          "gap_spearman": 0.24828761790401355,
          "gap_rmse": 0.42032407031229013,
          "gap_mae": 0.23416459560394287,
          "fold": 1,
          "n_train": 5153,
          "n_val": 2577,
          "n_train_groups": 196,
          "n_val_groups": 99
        },
        {
          "rmse": 2.4623177669114527,
          "mae": 1.93585205078125,
          "spearman": 0.2787134731523836,
          "pearson": 0.38041770458221436,
          "r2": 0.1415238380432129,
          "ndcg@20": 0.8951412320486813,
          "train_spearman": 0.4324730133397912,
          "train_rmse": 2.2872075712134037,
          "train_mae": 1.6896748542785645,
          "gap_spearman": 0.15375954018740762,
          "gap_rmse": 0.17511019569804898,
          "gap_mae": 0.24617719650268555,
          "fold": 2,
          "n_train": 5154,
          "n_val": 2576,
          "n_train_groups": 197,
          "n_val_groups": 98
        }
      ]
    }
  ]
}