{
  "variant": "x_repacked_blocksvd",
  "device": "cpu",
  "n_rows": 7730,
  "numeric_dim": 20394,
  "categorical_dim": 0,
  "auxiliary_dim": 0,
  "sample_dim_detected": 18320,
  "sample_dim_used": 18311,
  "context_summary": {
    "variant": "x_repacked_blocksvd",
    "matched_rows": 0,
    "unmatched_rows": 7730,
    "match_rate": 0.0,
    "categorical_columns": [],
    "auxiliary_columns": [],
    "numeric_transform_note": "Current numeric X is re-packed by block: sample CRISPR and drug Morgan are compressed with train-fold SVD and row summary statistics; smaller drug/target/LINCS blocks pass through."
  },
  "models": [
    {
      "model": "FTTransformer",
      "variant": "x_repacked_blocksvd",
      "spearman_mean": 0.3792961824961381,
      "spearman_std": 0.03664946596985656,
      "rmse_mean": 2.42649350290584,
      "rmse_std": 0.16342579675340044,
      "mae_mean": 1.7992038329442341,
      "mae_std": 0.12540772214600196,
      "ndcg@20_mean": 0.7451966969584367,
      "ndcg@20_std": 0.21985765728121734,
      "pearson_mean": 0.4037754734357198,
      "r2_mean": 0.14024011294047037,
      "r2_std": 0.059820714911047713,
      "train_spearman_mean": 0.5746570787613795,
      "gap_spearman_mean": 0.19536089626524142,
      "elapsed_sec": 360.9782438278198,
      "folds": [
        {
          "rmse": 2.6119373098856538,
          "mae": 1.9351747035980225,
          "spearman": 0.3674934137371233,
          "pearson": 0.3773147761821747,
          "r2": 0.11406475305557251,
          "ndcg@20": 0.9239064706806305,
          "train_spearman": 0.6140722294882476,
          "train_rmse": 1.787952261844302,
          "train_mae": 1.3947241306304932,
          "gap_spearman": 0.24657881575112428,
          "gap_rmse": 0.8239850480413518,
          "gap_mae": 0.5404505729675293,
          "fold": 0,
          "n_train": 5153,
          "n_val": 2577,
          "n_train_groups": 197,
          "n_val_groups": 98,
          "sample_svd_dim": 256,
          "sample_summary_dim": 5,
          "drug_svd_dim": 96,
          "drug_summary_dim": 5,
          "passthrough_dim": 26,
          "numeric_transform_dim": 388
        },
        {
          "rmse": 2.303507150236922,
          "mae": 1.6880786418914795,
          "spearman": 0.35000233505240574,
          "pearson": 0.34211617708206177,
          "r2": 0.0979684591293335,
          "ndcg@20": 0.499686432196651,
          "train_spearman": 0.5366678962645617,
          "train_rmse": 2.1783054578068217,
          "train_mae": 1.6713447570800781,
          "gap_spearman": 0.18666556121215594,
          "gap_rmse": 0.1252016924301005,
          "gap_mae": 0.016733884811401367,
          "fold": 1,
          "n_train": 5153,
          "n_val": 2577,
          "n_train_groups": 196,
          "n_val_groups": 99,
          "sample_svd_dim": 256,
          "sample_summary_dim": 5,
          "drug_svd_dim": 96,
          "drug_summary_dim": 5,
          "passthrough_dim": 26,
          "numeric_transform_dim": 388
        },
        {
          "rmse": 2.364036048594944,
          "mae": 1.7743581533432007,
          "spearman": 0.42039279869888535,
          "pearson": 0.491895467042923,
          "r2": 0.20868712663650513,
          "ndcg@20": 0.8119971879980288,
          "train_spearman": 0.5732311105313294,
          "train_rmse": 1.9063382362831398,
          "train_mae": 1.4315106868743896,
          "gap_spearman": 0.152838311832444,
          "gap_rmse": 0.4576978123118043,
          "gap_mae": 0.34284746646881104,
          "fold": 2,
          "n_train": 5154,
          "n_val": 2576,
          "n_train_groups": 197,
          "n_val_groups": 98,
          "sample_svd_dim": 256,
          "sample_summary_dim": 5,
          "drug_svd_dim": 96,
          "drug_summary_dim": 5,
          "passthrough_dim": 26,
          "numeric_transform_dim": 388
        }
      ]
    }
  ]
}