{
  "variant": "baseline_numeric",
  "device": "cpu",
  "n_rows": 7730,
  "numeric_dim": 20394,
  "categorical_dim": 0,
  "sample_dim_detected": 18320,
  "sample_dim_used": 18311,
  "context_summary": {
    "variant": "baseline_numeric",
    "matched_rows": 0,
    "unmatched_rows": 7730,
    "match_rate": 0.0,
    "categorical_columns": []
  },
  "models": [
    {
      "model": "ResidualMLP",
      "variant": "baseline_numeric",
      "spearman_mean": 0.3131319613254031,
      "spearman_std": 0.022542968172939267,
      "rmse_mean": 2.440630917063778,
      "rmse_std": 0.11352874632512154,
      "mae_mean": 1.8382032712300618,
      "mae_std": 0.10456522335192744,
      "ndcg@20_mean": 0.7468854362475218,
      "ndcg@20_std": 0.17620960800280258,
      "pearson_mean": 0.3772066632906596,
      "r2_mean": 0.12852384646733603,
      "r2_std": 0.06843539052249674,
      "train_spearman_mean": 0.7247192061962885,
      "gap_spearman_mean": 0.4115872448708855,
      "elapsed_sec": 67.08349800109863,
      "folds": [
        {
          "rmse": 2.570202393188027,
          "mae": 1.9193962812423706,
          "spearman": 0.3237336459456577,
          "pearson": 0.38813114166259766,
          "r2": 0.14215046167373657,
          "ndcg@20": 0.8270642922131939,
          "train_spearman": 0.6705668188998896,
          "train_rmse": 1.6824627327723989,
          "train_mae": 1.2615253925323486,
          "gap_spearman": 0.3468331729542319,
          "gap_rmse": 0.8877396604156282,
          "gap_mae": 0.657870888710022,
          "fold": 0,
          "n_train": 5153,
          "n_val": 2577,
          "n_train_groups": 197,
          "n_val_groups": 98
        },
        {
          "rmse": 2.358605669919573,
          "mae": 1.7202138900756836,
          "spearman": 0.2872425632996447,
          "pearson": 0.28217971324920654,
          "r2": 0.05430030822753906,
          "ndcg@20": 0.5448443511427892,
          "train_spearman": 0.7450240966969051,
          "train_rmse": 1.6870719225419002,
          "train_mae": 1.256478190422058,
          "gap_spearman": 0.45778153339726035,
          "gap_rmse": 0.6715337473776728,
          "gap_mae": 0.4637356996536255,
          "fold": 1,
          "n_train": 5153,
          "n_val": 2577,
          "n_train_groups": 196,
          "n_val_groups": 99
        },
        {
          "rmse": 2.3930846880837335,
          "mae": 1.8749996423721313,
          "spearman": 0.3284196747309069,
          "pearson": 0.46130913496017456,
          "r2": 0.18912076950073242,
          "ndcg@20": 0.8687476653865823,
          "train_spearman": 0.7585667029920711,
          "train_rmse": 1.4551003268807454,
          "train_mae": 1.0699068307876587,
          "gap_spearman": 0.4301470282611642,
          "gap_rmse": 0.9379843612029881,
          "gap_mae": 0.8050928115844727,
          "fold": 2,
          "n_train": 5154,
          "n_val": 2576,
          "n_train_groups": 197,
          "n_val_groups": 98
        }
      ]
    }
  ]
}