{
  "variant": "x_repacked_blocksvd",
  "device": "cpu",
  "n_rows": 7730,
  "numeric_dim": 20394,
  "categorical_dim": 0,
  "auxiliary_dim": 0,
  "sample_dim_detected": 18320,
  "sample_dim_used": 18311,
  "context_summary": {
    "variant": "x_repacked_blocksvd",
    "matched_rows": 0,
    "unmatched_rows": 7730,
    "match_rate": 0.0,
    "categorical_columns": [],
    "auxiliary_columns": [],
    "numeric_transform_note": "Current numeric X is re-packed by block: sample CRISPR and drug Morgan are compressed with train-fold SVD and row summary statistics; smaller drug/target/LINCS blocks pass through."
  },
  "models": [
    {
      "model": "ResidualMLP",
      "variant": "x_repacked_blocksvd",
      "spearman_mean": 0.4645658665261392,
      "spearman_std": 0.03858834873462811,
      "rmse_mean": 2.3423030143595924,
      "rmse_std": 0.12293072751045794,
      "mae_mean": 1.7260733445485432,
      "mae_std": 0.09055278712102076,
      "ndcg@20_mean": 0.807282336891527,
      "ndcg@20_std": 0.07773504649113551,
      "pearson_mean": 0.5074783364931742,
      "r2_mean": 0.19822178284327188,
      "r2_std": 0.0503389447958638,
      "train_spearman_mean": 0.7690306761664599,
      "gap_spearman_mean": 0.3044648096403207,
      "elapsed_sec": 31.204256057739258,
      "folds": [
        {
          "rmse": 2.479117823100921,
          "mae": 1.7895888090133667,
          "spearman": 0.5000875841478973,
          "pearson": 0.5011595487594604,
          "r2": 0.2018752098083496,
          "ndcg@20": 0.8237138842378847,
          "train_spearman": 0.7239379162151015,
          "train_rmse": 1.4884910135302227,
          "train_mae": 1.108670711517334,
          "gap_spearman": 0.22385033206720417,
          "gap_rmse": 0.9906268095706985,
          "gap_mae": 0.6809180974960327,
          "fold": 0,
          "n_train": 5153,
          "n_val": 2577,
          "n_train_groups": 197,
          "n_val_groups": 98,
          "sample_svd_dim": 256,
          "sample_summary_dim": 5,
          "drug_svd_dim": 96,
          "drug_summary_dim": 5,
          "passthrough_dim": 26,
          "numeric_transform_dim": 388
        },
        {
          "rmse": 2.241135194117702,
          "mae": 1.6223840713500977,
          "spearman": 0.4701012808284714,
          "pearson": 0.4920874834060669,
          "r2": 0.14615565538406372,
          "ndcg@20": 0.7226450960652482,
          "train_spearman": 0.8711548080708524,
          "train_rmse": 1.1346976543824183,
          "train_mae": 0.8446624875068665,
          "gap_spearman": 0.401053527242381,
          "gap_rmse": 1.1064375397352835,
          "gap_mae": 0.7777215838432312,
          "fold": 1,
          "n_train": 5153,
          "n_val": 2577,
          "n_train_groups": 196,
          "n_val_groups": 99,
          "sample_svd_dim": 256,
          "sample_summary_dim": 5,
          "drug_svd_dim": 96,
          "drug_summary_dim": 5,
          "passthrough_dim": 26,
          "numeric_transform_dim": 388
        },
        {
          "rmse": 2.3066560258601547,
          "mae": 1.7662471532821655,
          "spearman": 0.4235087346020488,
          "pearson": 0.5291879773139954,
          "r2": 0.24663448333740234,
          "ndcg@20": 0.8754880303714476,
          "train_spearman": 0.7119993042134256,
          "train_rmse": 1.6272343167023788,
          "train_mae": 1.2047500610351562,
          "gap_spearman": 0.2884905696113768,
          "gap_rmse": 0.6794217091577759,
          "gap_mae": 0.5614970922470093,
          "fold": 2,
          "n_train": 5154,
          "n_val": 2576,
          "n_train_groups": 197,
          "n_val_groups": 98,
          "sample_svd_dim": 256,
          "sample_summary_dim": 5,
          "drug_svd_dim": 96,
          "drug_summary_dim": 5,
          "passthrough_dim": 26,
          "numeric_transform_dim": 388
        }
      ]
    }
  ]
}