{
  "variant": "reconstructed_context_full",
  "device": "cpu",
  "n_rows": 7730,
  "numeric_dim": 20394,
  "categorical_dim": 11,
  "sample_dim_detected": 18320,
  "sample_dim_used": 18311,
  "context_summary": {
    "variant": "reconstructed_context_full",
    "matched_rows": 7730,
    "unmatched_rows": 0,
    "match_rate": 1.0,
    "categorical_columns": [
      "classification",
      "drug_bridge_strength",
      "stage3_resolution_status",
      "WEBRELEASE",
      "drugbank_match_rule",
      "chembl_match_rule",
      "lincs_match_rule",
      "admet_match_rule",
      "cell_bridge_match_rule",
      "TCGA_DESC",
      "PATHWAY_NAME_NORMALIZED"
    ],
    "column_non_missing_rate": {
      "classification": 1.0,
      "drug_bridge_strength": 1.0,
      "stage3_resolution_status": 1.0,
      "WEBRELEASE": 1.0,
      "drugbank_match_rule": 0.05873221216041397,
      "chembl_match_rule": 0.4483829236739974,
      "lincs_match_rule": 0.3354463130659767,
      "admet_match_rule": 0.0,
      "cell_bridge_match_rule": 1.0,
      "TCGA_DESC": 1.0,
      "PATHWAY_NAME_NORMALIZED": 1.0
    },
    "coverage_note": "Context reconstructed from current pipeline sources: cellline annotation, GDSC drug annotation, drug catalog, target mapping, and current pair feature availability."
  },
  "models": [
    {
      "model": "ResidualMLP",
      "variant": "reconstructed_context_full",
      "spearman_mean": 0.32525318960090405,
      "spearman_std": 0.013206342821343486,
      "rmse_mean": 2.430135271364749,
      "rmse_std": 0.1275435384738246,
      "mae_mean": 1.8227505286534627,
      "mae_std": 0.11363460078764134,
      "ndcg@20_mean": 0.7446864039414344,
      "ndcg@20_std": 0.1646980197024988,
      "pearson_mean": 0.3911005159219106,
      "r2_mean": 0.1366275747617086,
      "r2_std": 0.06156336712095475,
      "train_spearman_mean": 0.7170392325416316,
      "gap_spearman_mean": 0.3917860429407276,
      "elapsed_sec": 78.69225597381592,
      "folds": [
        {
          "rmse": 2.5748381036029477,
          "mae": 1.908048152923584,
          "spearman": 0.3352982515766446,
          "pearson": 0.39585214853286743,
          "r2": 0.1390531063079834,
          "ndcg@20": 0.8390744887512545,
          "train_spearman": 0.6259650008149352,
          "train_rmse": 1.787922658502049,
          "train_mae": 1.3449900150299072,
          "gap_spearman": 0.2906667492382906,
          "gap_rmse": 0.7869154451008988,
          "gap_mae": 0.5630581378936768,
          "fold": 0,
          "n_train": 5153,
          "n_val": 2577,
          "n_train_groups": 197,
          "n_val_groups": 98
        },
        {
          "rmse": 2.3340526107964705,
          "mae": 1.6937532424926758,
          "spearman": 0.3102943595966747,
          "pearson": 0.30385375022888184,
          "r2": 0.07388728857040405,
          "ndcg@20": 0.5545112271922503,
          "train_spearman": 0.7345780414305191,
          "train_rmse": 1.6852057367025721,
          "train_mae": 1.2524795532226562,
          "gap_spearman": 0.4242836818338444,
          "gap_rmse": 0.6488468740938984,
          "gap_mae": 0.44127368927001953,
          "fold": 1,
          "n_train": 5153,
          "n_val": 2577,
          "n_train_groups": 196,
          "n_val_groups": 99
        },
        {
          "rmse": 2.3815150996948273,
          "mae": 1.8664501905441284,
          "spearman": 0.3301669576293929,
          "pearson": 0.47359564900398254,
          "r2": 0.19694232940673828,
          "ndcg@20": 0.8404734958807984,
          "train_spearman": 0.7905746553794406,
          "train_rmse": 1.3616154065205226,
          "train_mae": 0.9852547645568848,
          "gap_spearman": 0.4604076977500477,
          "gap_rmse": 1.0198996931743047,
          "gap_mae": 0.8811954259872437,
          "fold": 2,
          "n_train": 5154,
          "n_val": 2576,
          "n_train_groups": 197,
          "n_val_groups": 98
        }
      ]
    }
  ]
}