{
  "variant": "x_repacked_blocksvd",
  "device": "cpu",
  "n_rows": 7730,
  "numeric_dim": 20394,
  "categorical_dim": 0,
  "auxiliary_dim": 0,
  "sample_dim_detected": 18320,
  "sample_dim_used": 18311,
  "context_summary": {
    "variant": "x_repacked_blocksvd",
    "matched_rows": 0,
    "unmatched_rows": 7730,
    "match_rate": 0.0,
    "categorical_columns": [],
    "auxiliary_columns": [],
    "numeric_transform_note": "Current numeric X is re-packed by block: sample CRISPR and drug Morgan are compressed with train-fold SVD and row summary statistics; smaller drug/target/LINCS blocks pass through."
  },
  "models": [
    {
      "model": "TabNet",
      "variant": "x_repacked_blocksvd",
      "spearman_mean": 0.4629122134275577,
      "spearman_std": 0.0638063918131073,
      "rmse_mean": 2.270358170866896,
      "rmse_std": 0.13275779110640715,
      "mae_mean": 1.766475796699524,
      "mae_std": 0.15367325263396286,
      "ndcg@20_mean": 0.8265472376743884,
      "ndcg@20_std": 0.0670153341629527,
      "pearson_mean": 0.5228992998600006,
      "r2_mean": 0.24786225954691568,
      "r2_std": 0.02278887146268669,
      "train_spearman_mean": 0.8304628305602767,
      "gap_spearman_mean": 0.367550617132719,
      "elapsed_sec": 25.78403878211975,
      "folds": [
        {
          "rmse": 2.3643769049479237,
          "mae": 1.79105544090271,
          "spearman": 0.5348497345829515,
          "pearson": 0.546165943145752,
          "r2": 0.2740446925163269,
          "ndcg@20": 0.8331311259210844,
          "train_spearman": 0.8601765187816375,
          "train_rmse": 1.0936661279400497,
          "train_mae": 0.7546882033348083,
          "gap_spearman": 0.325326784198686,
          "gap_rmse": 1.270710777007874,
          "gap_mae": 1.0363672375679016,
          "fold": 0,
          "n_train": 5153,
          "n_val": 2577,
          "n_train_groups": 197,
          "n_val_groups": 98,
          "sample_svd_dim": 256,
          "sample_summary_dim": 5,
          "drug_svd_dim": 96,
          "drug_summary_dim": 5,
          "passthrough_dim": 26,
          "numeric_transform_dim": 388
        },
        {
          "rmse": 2.1184918091583906,
          "mae": 1.6019941568374634,
          "spearman": 0.4407275169719084,
          "pearson": 0.49044403433799744,
          "r2": 0.23704981803894043,
          "ndcg@20": 0.7564829615216851,
          "train_spearman": 0.8627341037492283,
          "train_rmse": 1.1144545412372158,
          "train_mae": 0.8238992094993591,
          "gap_spearman": 0.42200658677731995,
          "gap_rmse": 1.0040372679211749,
          "gap_mae": 0.7780949473381042,
          "fold": 1,
          "n_train": 5153,
          "n_val": 2577,
          "n_train_groups": 196,
          "n_val_groups": 99,
          "sample_svd_dim": 256,
          "sample_summary_dim": 5,
          "drug_svd_dim": 96,
          "drug_summary_dim": 5,
          "passthrough_dim": 26,
          "numeric_transform_dim": 388
        },
        {
          "rmse": 2.3282057984943734,
          "mae": 1.9063777923583984,
          "spearman": 0.4131593887278132,
          "pearson": 0.5320879220962524,
          "r2": 0.23249226808547974,
          "ndcg@20": 0.8900276255803959,
          "train_spearman": 0.7684778691499645,
          "train_rmse": 1.441438503989994,
          "train_mae": 1.0585530996322632,
          "gap_spearman": 0.3553184804221513,
          "gap_rmse": 0.8867672945043794,
          "gap_mae": 0.8478246927261353,
          "fold": 2,
          "n_train": 5154,
          "n_val": 2576,
          "n_train_groups": 197,
          "n_val_groups": 98,
          "sample_svd_dim": 256,
          "sample_summary_dim": 5,
          "drug_svd_dim": 96,
          "drug_summary_dim": 5,
          "passthrough_dim": 26,
          "numeric_transform_dim": 388
        }
      ]
    }
  ]
}