{
  "variant": "baseline_numeric",
  "device": "cpu",
  "n_rows": 7730,
  "numeric_dim": 20394,
  "categorical_dim": 0,
  "auxiliary_dim": 0,
  "sample_dim_detected": 18320,
  "sample_dim_used": 18311,
  "context_summary": {
    "variant": "baseline_numeric",
    "matched_rows": 0,
    "unmatched_rows": 7730,
    "match_rate": 0.0,
    "categorical_columns": [],
    "auxiliary_columns": []
  },
  "models": [
    {
      "model": "TabNet",
      "variant": "baseline_numeric",
      "spearman_mean": 0.3636824026965433,
      "spearman_std": 0.01891682261372997,
      "rmse_mean": 2.3945227523758117,
      "rmse_std": 0.11317705764719617,
      "mae_mean": 1.8027215401331584,
      "mae_std": 0.09636382838116665,
      "ndcg@20_mean": 0.7444019508495717,
      "ndcg@20_std": 0.15569058288931104,
      "pearson_mean": 0.41468772292137146,
      "r2_mean": 0.16075368722279867,
      "r2_std": 0.07353557318151209,
      "train_spearman_mean": 0.7513412335567947,
      "gap_spearman_mean": 0.3876588308602515,
      "elapsed_sec": 256.3654510974884,
      "folds": [
        {
          "rmse": 2.525039683870503,
          "mae": 1.8747878074645996,
          "spearman": 0.3795865477680832,
          "pearson": 0.4263187646865845,
          "r2": 0.17203325033187866,
          "ndcg@20": 0.8231568379246308,
          "train_spearman": 0.7262145875900217,
          "train_rmse": 1.5915869451533409,
          "train_mae": 1.1680644750595093,
          "gap_spearman": 0.34662803982193846,
          "gap_rmse": 0.9334527387171621,
          "gap_mae": 0.7067233324050903,
          "fold": 0,
          "n_train": 5153,
          "n_val": 2577,
          "n_train_groups": 197,
          "n_val_groups": 98,
          "numeric_transform_dim": 20394
        },
        {
          "rmse": 2.323515867490625,
          "mae": 1.6932661533355713,
          "spearman": 0.3427634567921896,
          "pearson": 0.32585301995277405,
          "r2": 0.08223003149032593,
          "ndcg@20": 0.565068055435898,
          "train_spearman": 0.7621111832924247,
          "train_rmse": 1.61895596287515,
          "train_mae": 1.2167088985443115,
          "gap_spearman": 0.41934772650023505,
          "gap_rmse": 0.7045599046154751,
          "gap_mae": 0.47655725479125977,
          "fold": 1,
          "n_train": 5153,
          "n_val": 2577,
          "n_train_groups": 196,
          "n_val_groups": 99,
          "numeric_transform_dim": 20394
        },
        {
          "rmse": 2.3350127057663066,
          "mae": 1.8401106595993042,
          "spearman": 0.3686972035293569,
          "pearson": 0.49189138412475586,
          "r2": 0.2279977798461914,
          "ndcg@20": 0.8449809591881863,
          "train_spearman": 0.7656979297879377,
          "train_rmse": 1.4753871054149095,
          "train_mae": 1.0748382806777954,
          "gap_spearman": 0.3970007262585808,
          "gap_rmse": 0.8596256003513971,
          "gap_mae": 0.7652723789215088,
          "fold": 2,
          "n_train": 5154,
          "n_val": 2576,
          "n_train_groups": 197,
          "n_val_groups": 98,
          "numeric_transform_dim": 20394
        }
      ]
    }
  ]
}