{
  "variant": "baseline_numeric",
  "device": "cpu",
  "n_rows": 7730,
  "numeric_dim": 20394,
  "categorical_dim": 0,
  "sample_dim_detected": 18320,
  "sample_dim_used": 18311,
  "context_summary": {
    "variant": "baseline_numeric",
    "matched_rows": 0,
    "unmatched_rows": 7730,
    "match_rate": 0.0,
    "categorical_columns": []
  },
  "models": [
    {
      "model": "TabTransformer",
      "variant": "baseline_numeric",
      "spearman_mean": 0.5491461833621922,
      "spearman_std": NaN,
      "rmse_mean": 2.2760935994966096,
      "rmse_std": NaN,
      "mae_mean": 1.665981411933899,
      "mae_std": NaN,
      "ndcg@20_mean": 0.8718416952489219,
      "ndcg@20_std": NaN,
      "pearson_mean": 0.6151019334793091,
      "r2_mean": 0.3485696315765381,
      "r2_std": NaN,
      "train_spearman_mean": 0.7954323603811776,
      "gap_spearman_mean": 0.24628617701898536,
      "elapsed_sec": 36.73248291015625,
      "folds": [
        {
          "rmse": 2.2760935994966096,
          "mae": 1.665981411933899,
          "spearman": 0.5491461833621922,
          "pearson": 0.6151019334793091,
          "r2": 0.3485696315765381,
          "ndcg@20": 0.8718416952489219,
          "train_spearman": 0.7954323603811776,
          "train_rmse": 1.253227216399719,
          "train_mae": 0.9336752891540527,
          "gap_spearman": 0.24628617701898536,
          "gap_rmse": 1.0228663830968907,
          "gap_mae": 0.7323061227798462,
          "fold": 0,
          "n_train": 6180,
          "n_val": 1550,
          "n_train_groups": 238,
          "n_val_groups": 57
        }
      ]
    }
  ]
}