{
  "variant": "reconstructed_context_full",
  "device": "cpu",
  "n_rows": 7730,
  "numeric_dim": 20394,
  "categorical_dim": 11,
  "sample_dim_detected": 18320,
  "sample_dim_used": 18311,
  "context_summary": {
    "variant": "reconstructed_context_full",
    "matched_rows": 7730,
    "unmatched_rows": 0,
    "match_rate": 1.0,
    "categorical_columns": [
      "classification",
      "drug_bridge_strength",
      "stage3_resolution_status",
      "WEBRELEASE",
      "drugbank_match_rule",
      "chembl_match_rule",
      "lincs_match_rule",
      "admet_match_rule",
      "cell_bridge_match_rule",
      "TCGA_DESC",
      "PATHWAY_NAME_NORMALIZED"
    ],
    "column_non_missing_rate": {
      "classification": 1.0,
      "drug_bridge_strength": 1.0,
      "stage3_resolution_status": 1.0,
      "WEBRELEASE": 1.0,
      "drugbank_match_rule": 0.05873221216041397,
      "chembl_match_rule": 0.4483829236739974,
      "lincs_match_rule": 0.3354463130659767,
      "admet_match_rule": 0.0,
      "cell_bridge_match_rule": 1.0,
      "TCGA_DESC": 1.0,
      "PATHWAY_NAME_NORMALIZED": 1.0
    },
    "coverage_note": "Context reconstructed from current pipeline sources: cellline annotation, GDSC drug annotation, drug catalog, target mapping, and current pair feature availability."
  },
  "models": [
    {
      "model": "TabTransformer",
      "variant": "reconstructed_context_full",
      "spearman_mean": 0.38502406797495764,
      "spearman_std": 0.11809860928520027,
      "rmse_mean": 2.342185066363082,
      "rmse_std": 0.13268765059434237,
      "mae_mean": 1.7297767162323,
      "mae_std": 0.10864035326174387,
      "ndcg@20_mean": 0.7681831891770259,
      "ndcg@20_std": 0.12465535118207717,
      "pearson_mean": 0.4687938094139099,
      "r2_mean": 0.18269141912460327,
      "r2_std": 0.11145232195395759,
      "train_spearman_mean": 0.7446266312995882,
      "gap_spearman_mean": 0.3596025633246306,
      "elapsed_sec": 282.7569558620453,
      "folds": [
        {
          "rmse": 2.2831536280322395,
          "mae": 1.6607279777526855,
          "spearman": 0.5586512214185875,
          "pearson": 0.6108736395835876,
          "r2": 0.3445221185684204,
          "ndcg@20": 0.8667784217410527,
          "train_spearman": 0.8013452294330259,
          "train_rmse": 1.2523654014919388,
          "train_mae": 0.943183422088623,
          "gap_spearman": 0.2426940080144384,
          "gap_rmse": 1.0307882265403008,
          "gap_mae": 0.7175445556640625,
          "fold": 0,
          "n_train": 6180,
          "n_val": 1550,
          "n_train_groups": 238,
          "n_val_groups": 57
        },
        {
          "rmse": 2.3471144877832884,
          "mae": 1.7521487474441528,
          "spearman": 0.43694130404104764,
          "pearson": 0.5372737050056458,
          "r2": 0.23982125520706177,
          "ndcg@20": 0.6895297365444677,
          "train_spearman": 0.835505006269657,
          "train_rmse": 1.246506816837723,
          "train_mae": 0.891216516494751,
          "gap_spearman": 0.3985637022286093,
          "gap_rmse": 1.1006076709455654,
          "gap_mae": 0.8609322309494019,
          "fold": 1,
          "n_train": 6186,
          "n_val": 1544,
          "n_train_groups": 235,
          "n_val_groups": 60
        },
        {
          "rmse": 2.4669527682641084,
          "mae": 1.850906252861023,
          "spearman": 0.2521149388741202,
          "pearson": 0.4199262261390686,
          "r2": 0.07828646898269653,
          "ndcg@20": 0.8163696892669686,
          "train_spearman": 0.7913886471331092,
          "train_rmse": 1.4113814507785434,
          "train_mae": 1.0406360626220703,
          "gap_spearman": 0.539273708258989,
          "gap_rmse": 1.055571317485565,
          "gap_mae": 0.8102701902389526,
          "fold": 2,
          "n_train": 6186,
          "n_val": 1544,
          "n_train_groups": 234,
          "n_val_groups": 61
        },
        {
          "rmse": 2.463139206081369,
          "mae": 1.8032270669937134,
          "spearman": 0.36097587773720474,
          "pearson": 0.42668288946151733,
          "r2": 0.16263997554779053,
          "ndcg@20": 0.8783511030892871,
          "train_spearman": 0.5290799968479813,
          "train_rmse": 2.059384854514548,
          "train_mae": 1.5412994623184204,
          "gap_spearman": 0.1681041191107766,
          "gap_rmse": 0.4037543515668207,
          "gap_mae": 0.26192760467529297,
          "fold": 3,
          "n_train": 6187,
          "n_val": 1543,
          "n_train_groups": 235,
          "n_val_groups": 60
        },
        {
          "rmse": 2.150565241654403,
          "mae": 1.5818735361099243,
          "spearman": 0.3164369978038282,
          "pearson": 0.3492125868797302,
          "r2": 0.08818727731704712,
          "ndcg@20": 0.589886995243353,
          "train_spearman": 0.7658142768141679,
          "train_rmse": 1.6110628776711158,
          "train_mae": 1.1816349029541016,
          "gap_spearman": 0.4493772790103397,
          "gap_rmse": 0.5395023639832872,
          "gap_mae": 0.40023863315582275,
          "fold": 4,
          "n_train": 6181,
          "n_val": 1549,
          "n_train_groups": 238,
          "n_val_groups": 57
        }
      ]
    }
  ]
}