{
  "variant": "baseline_numeric",
  "device": "cpu",
  "n_rows": 7730,
  "numeric_dim": 20394,
  "categorical_dim": 0,
  "auxiliary_dim": 0,
  "sample_dim_detected": 18320,
  "sample_dim_used": 18311,
  "context_summary": {
    "variant": "baseline_numeric",
    "matched_rows": 0,
    "unmatched_rows": 7730,
    "match_rate": 0.0,
    "categorical_columns": [],
    "auxiliary_columns": []
  },
  "models": [
    {
      "model": "TabTransformer",
      "variant": "baseline_numeric",
      "spearman_mean": 0.3019862771639927,
      "spearman_std": 0.03611415612187795,
      "rmse_mean": 2.4638846912656667,
      "rmse_std": 0.13821407381001452,
      "mae_mean": 1.8359623352686565,
      "mae_std": 0.08689452946450613,
      "ndcg@20_mean": 0.7625889953790965,
      "ndcg@20_std": 0.13777422696070699,
      "pearson_mean": 0.36826052765051526,
      "r2_mean": 0.11222795645395915,
      "r2_std": 0.07223778891671882,
      "train_spearman_mean": 0.6357282433765014,
      "gap_spearman_mean": 0.3337419662125087,
      "elapsed_sec": 36.315407276153564,
      "folds": [
        {
          "rmse": 2.6229102581290284,
          "mae": 1.9115192890167236,
          "spearman": 0.32253709385573615,
          "pearson": 0.388282835483551,
          "r2": 0.10660535097122192,
          "ndcg@20": 0.8360581089507649,
          "train_spearman": 0.7124203920290351,
          "train_rmse": 1.5804356192992735,
          "train_mae": 1.160901665687561,
          "gap_spearman": 0.3898832981732989,
          "gap_rmse": 1.042474638829755,
          "gap_mae": 0.7506176233291626,
          "fold": 0,
          "n_train": 5153,
          "n_val": 2577,
          "n_train_groups": 197,
          "n_val_groups": 98,
          "numeric_transform_dim": 20394
        },
        {
          "rmse": 2.3726979191411677,
          "mae": 1.7410085201263428,
          "spearman": 0.2602866707794734,
          "pearson": 0.24652113020420074,
          "r2": 0.04296576976776123,
          "ndcg@20": 0.603651923775173,
          "train_spearman": 0.4679965001038729,
          "train_rmse": 2.330747522605063,
          "train_mae": 1.769289255142212,
          "gap_spearman": 0.20770982932439952,
          "gap_rmse": 0.04195039653610477,
          "gap_mae": -0.02828073501586914,
          "fold": 1,
          "n_train": 5153,
          "n_val": 2577,
          "n_train_groups": 196,
          "n_val_groups": 99,
          "numeric_transform_dim": 20394
        },
        {
          "rmse": 2.3960458965268048,
          "mae": 1.8553591966629028,
          "spearman": 0.32313506685676857,
          "pearson": 0.46997761726379395,
          "r2": 0.1871127486228943,
          "ndcg@20": 0.8480569534113519,
          "train_spearman": 0.7267678379965962,
          "train_rmse": 1.5727606521267543,
          "train_mae": 1.142871618270874,
          "gap_spearman": 0.4036327711398276,
          "gap_rmse": 0.8232852444000505,
          "gap_mae": 0.7124875783920288,
          "fold": 2,
          "n_train": 5154,
          "n_val": 2576,
          "n_train_groups": 197,
          "n_val_groups": 98,
          "numeric_transform_dim": 20394
        }
      ]
    }
  ]
}