{
  "variant": "x_repacked_blocksvd",
  "device": "cpu",
  "n_rows": 7730,
  "numeric_dim": 20394,
  "categorical_dim": 0,
  "auxiliary_dim": 0,
  "sample_dim_detected": 18320,
  "sample_dim_used": 18311,
  "context_summary": {
    "variant": "x_repacked_blocksvd",
    "matched_rows": 0,
    "unmatched_rows": 7730,
    "match_rate": 0.0,
    "categorical_columns": [],
    "auxiliary_columns": [],
    "numeric_transform_note": "Current numeric X is re-packed by block: sample CRISPR and drug Morgan are compressed with train-fold SVD and row summary statistics; smaller drug/target/LINCS blocks pass through."
  },
  "models": [
    {
      "model": "TabTransformer",
      "variant": "x_repacked_blocksvd",
      "spearman_mean": 0.4558278853702289,
      "spearman_std": 0.06076249578979688,
      "rmse_mean": 2.3297295853214757,
      "rmse_std": 0.10154621768875677,
      "mae_mean": 1.729078769683838,
      "mae_std": 0.07487079151283796,
      "ndcg@20_mean": 0.8236988209570937,
      "ndcg@20_std": 0.07996566880748243,
      "pearson_mean": 0.5114728808403015,
      "r2_mean": 0.2064855694770813,
      "r2_std": 0.047386508186349575,
      "train_spearman_mean": 0.7671813278324234,
      "gap_spearman_mean": 0.3113534424621946,
      "elapsed_sec": 32.85054397583008,
      "folds": [
        {
          "rmse": 2.435842586329666,
          "mae": 1.766907811164856,
          "spearman": 0.5212251585685237,
          "pearson": 0.533272385597229,
          "r2": 0.22949594259262085,
          "ndcg@20": 0.8534835008156267,
          "train_spearman": 0.7619565193949575,
          "train_rmse": 1.43757156525641,
          "train_mae": 1.049243450164795,
          "gap_spearman": 0.24073136082643376,
          "gap_rmse": 0.9982710210732562,
          "gap_mae": 0.717664361000061,
          "fold": 0,
          "n_train": 5153,
          "n_val": 2577,
          "n_train_groups": 197,
          "n_val_groups": 98,
          "sample_svd_dim": 256,
          "sample_summary_dim": 5,
          "drug_svd_dim": 96,
          "drug_summary_dim": 5,
          "passthrough_dim": 26,
          "numeric_transform_dim": 388
        },
        {
          "rmse": 2.233468251873956,
          "mae": 1.6428414583206177,
          "spearman": 0.4451401185466215,
          "pearson": 0.4785303473472595,
          "r2": 0.15198767185211182,
          "ndcg@20": 0.7331152475716237,
          "train_spearman": 0.8565494723051909,
          "train_rmse": 1.1395736970557997,
          "train_mae": 0.8495557308197021,
          "gap_spearman": 0.41140935375856935,
          "gap_rmse": 1.0938945548181565,
          "gap_mae": 0.7932857275009155,
          "fold": 1,
          "n_train": 5153,
          "n_val": 2577,
          "n_train_groups": 196,
          "n_val_groups": 99,
          "sample_svd_dim": 256,
          "sample_summary_dim": 5,
          "drug_svd_dim": 96,
          "drug_summary_dim": 5,
          "passthrough_dim": 26,
          "numeric_transform_dim": 388
        },
        {
          "rmse": 2.319877917760805,
          "mae": 1.77748703956604,
          "spearman": 0.40111837899554154,
          "pearson": 0.522615909576416,
          "r2": 0.23797309398651123,
          "ndcg@20": 0.8844977144840306,
          "train_spearman": 0.6830379917971221,
          "train_rmse": 1.6944565260131592,
          "train_mae": 1.2661832571029663,
          "gap_spearman": 0.28191961280158057,
          "gap_rmse": 0.6254213917476459,
          "gap_mae": 0.5113037824630737,
          "fold": 2,
          "n_train": 5154,
          "n_val": 2576,
          "n_train_groups": 197,
          "n_val_groups": 98,
          "sample_svd_dim": 256,
          "sample_summary_dim": 5,
          "drug_svd_dim": 96,
          "drug_summary_dim": 5,
          "passthrough_dim": 26,
          "numeric_transform_dim": 388
        }
      ]
    }
  ]
}