{
  "variant": "baseline_numeric",
  "device": "cpu",
  "n_rows": 7730,
  "numeric_dim": 20394,
  "categorical_dim": 0,
  "sample_dim_detected": 18320,
  "sample_dim_used": 18311,
  "context_summary": {
    "variant": "baseline_numeric",
    "matched_rows": 0,
    "unmatched_rows": 7730,
    "match_rate": 0.0,
    "categorical_columns": []
  },
  "models": [
    {
      "model": "TabTransformer",
      "variant": "baseline_numeric",
      "spearman_mean": 0.35522936489336754,
      "spearman_std": 0.13867654536600732,
      "rmse_mean": 2.3564710353278246,
      "rmse_std": 0.1370430793932617,
      "mae_mean": 1.7527156352996827,
      "mae_std": 0.12036060034024243,
      "ndcg@20_mean": 0.7425473834203323,
      "ndcg@20_std": 0.12527417675243283,
      "pearson_mean": 0.44235920906066895,
      "r2_mean": 0.17125728130340576,
      "r2_std": 0.12539906294038777,
      "train_spearman_mean": 0.729670005375182,
      "gap_spearman_mean": 0.37444064048181447,
      "elapsed_sec": 140.8077371120453,
      "folds": [
        {
          "rmse": 2.2760935994966096,
          "mae": 1.665981411933899,
          "spearman": 0.5491461833621922,
          "pearson": 0.6151019334793091,
          "r2": 0.3485696315765381,
          "ndcg@20": 0.8718416952489219,
          "train_spearman": 0.7954323603811776,
          "train_rmse": 1.253227216399719,
          "train_mae": 0.9336752891540527,
          "gap_spearman": 0.24628617701898536,
          "gap_rmse": 1.0228663830968907,
          "gap_mae": 0.7323061227798462,
          "fold": 0,
          "n_train": 6180,
          "n_val": 1550,
          "n_train_groups": 238,
          "n_val_groups": 57
        },
        {
          "rmse": 2.337678598526963,
          "mae": 1.7673094272613525,
          "spearman": 0.42295775381827116,
          "pearson": 0.5315132141113281,
          "r2": 0.24592113494873047,
          "ndcg@20": 0.702854940078372,
          "train_spearman": 0.8325076749900274,
          "train_rmse": 1.2115125213775757,
          "train_mae": 0.849937915802002,
          "gap_spearman": 0.40954992117175626,
          "gap_rmse": 1.1261660771493873,
          "gap_mae": 0.9173715114593506,
          "fold": 1,
          "n_train": 6186,
          "n_val": 1544,
          "n_train_groups": 235,
          "n_val_groups": 60
        },
        {
          "rmse": 2.495812055425953,
          "mae": 1.8825377225875854,
          "spearman": 0.1922715638880711,
          "pearson": 0.38524603843688965,
          "r2": 0.05659526586532593,
          "ndcg@20": 0.7608498077231177,
          "train_spearman": 0.8037541314931458,
          "train_rmse": 1.3225843307491036,
          "train_mae": 0.9698008894920349,
          "gap_spearman": 0.6114825676050747,
          "gap_rmse": 1.1732277246768494,
          "gap_mae": 0.9127368330955505,
          "fold": 2,
          "n_train": 6186,
          "n_val": 1544,
          "n_train_groups": 234,
          "n_val_groups": 61
        },
        {
          "rmse": 2.4914447311343513,
          "mae": 1.8497587442398071,
          "spearman": 0.34656134724252935,
          "pearson": 0.3787238299846649,
          "r2": 0.1432841420173645,
          "ndcg@20": 0.8270244994266163,
          "train_spearman": 0.48985804374182007,
          "train_rmse": 2.2140202143365735,
          "train_mae": 1.6552315950393677,
          "gap_spearman": 0.14329669649929072,
          "gap_rmse": 0.2774245167977778,
          "gap_mae": 0.19452714920043945,
          "fold": 3,
          "n_train": 6187,
          "n_val": 1543,
          "n_train_groups": 235,
          "n_val_groups": 60
        },
        {
          "rmse": 2.1813261920552462,
          "mae": 1.597990870475769,
          "spearman": 0.2652099761557739,
          "pearson": 0.30121102929115295,
          "r2": 0.061916232109069824,
          "ndcg@20": 0.5501659746246342,
          "train_spearman": 0.7267978162697393,
          "train_rmse": 1.6961593973676785,
          "train_mae": 1.2414993047714233,
          "gap_spearman": 0.46158784011396536,
          "gap_rmse": 0.48516679468756774,
          "gap_mae": 0.3564915657043457,
          "fold": 4,
          "n_train": 6181,
          "n_val": 1549,
          "n_train_groups": 238,
          "n_val_groups": 57
        }
      ]
    }
  ]
}