{
  "variant": "x_repacked_blocksvd",
  "device": "cpu",
  "n_rows": 7730,
  "numeric_dim": 20394,
  "categorical_dim": 0,
  "auxiliary_dim": 0,
  "sample_dim_detected": 18320,
  "sample_dim_used": 18311,
  "context_summary": {
    "variant": "x_repacked_blocksvd",
    "matched_rows": 0,
    "unmatched_rows": 7730,
    "match_rate": 0.0,
    "categorical_columns": [],
    "auxiliary_columns": [],
    "numeric_transform_note": "Current numeric X is re-packed by block: sample CRISPR and drug Morgan are compressed with train-fold SVD and row summary statistics; smaller drug/target/LINCS blocks pass through."
  },
  "models": [
    {
      "model": "WideDeep",
      "variant": "x_repacked_blocksvd",
      "spearman_mean": 0.4609099092482298,
      "spearman_std": 0.07191556274995338,
      "rmse_mean": 2.2480978860456773,
      "rmse_std": 0.121106581867249,
      "mae_mean": 1.7326318422953289,
      "mae_std": 0.12468203021282667,
      "ndcg@20_mean": 0.8581984124118133,
      "ndcg@20_std": 0.027524866257634596,
      "pearson_mean": 0.5256043473879496,
      "r2_mean": 0.2622731328010559,
      "r2_std": 0.022341545022479474,
      "train_spearman_mean": 0.7621896323113071,
      "gap_spearman_mean": 0.3012797230630773,
      "elapsed_sec": 18.98351812362671,
      "folds": [
        {
          "rmse": 2.3449992601600895,
          "mae": 1.756842017173767,
          "spearman": 0.5416195427153548,
          "pearson": 0.540831983089447,
          "r2": 0.28589528799057007,
          "ndcg@20": 0.833918454927712,
          "train_spearman": 0.770387623044378,
          "train_rmse": 1.362770706372153,
          "train_mae": 1.0089553594589233,
          "gap_spearman": 0.22876808032902318,
          "gap_rmse": 0.9822285537879365,
          "gap_mae": 0.7478866577148438,
          "fold": 0,
          "n_train": 5153,
          "n_val": 2577,
          "n_train_groups": 197,
          "n_val_groups": 98,
          "sample_svd_dim": 256,
          "sample_summary_dim": 5,
          "drug_svd_dim": 96,
          "drug_summary_dim": 5,
          "passthrough_dim": 26,
          "numeric_transform_dim": 388
        },
        {
          "rmse": 2.112329406170382,
          "mae": 1.5976202487945557,
          "spearman": 0.4374759218337113,
          "pearson": 0.49231135845184326,
          "r2": 0.24148207902908325,
          "ndcg@20": 0.8525766060260016,
          "train_spearman": 0.7980944401371463,
          "train_rmse": 1.3660528651880888,
          "train_mae": 1.0403449535369873,
          "gap_spearman": 0.36061851830343494,
          "gap_rmse": 0.7462765409822933,
          "gap_mae": 0.5572752952575684,
          "fold": 1,
          "n_train": 5153,
          "n_val": 2577,
          "n_train_groups": 196,
          "n_val_groups": 99,
          "sample_svd_dim": 256,
          "sample_summary_dim": 5,
          "drug_svd_dim": 96,
          "drug_summary_dim": 5,
          "passthrough_dim": 26,
          "numeric_transform_dim": 388
        },
        {
          "rmse": 2.28696499180656,
          "mae": 1.8434332609176636,
          "spearman": 0.40363426319562307,
          "pearson": 0.5436697006225586,
          "r2": 0.2594420313835144,
          "ndcg@20": 0.8881001762817261,
          "train_spearman": 0.718086833752397,
          "train_rmse": 1.5974266428215622,
          "train_mae": 1.1888021230697632,
          "gap_spearman": 0.31445257055677395,
          "gap_rmse": 0.689538348984998,
          "gap_mae": 0.6546311378479004,
          "fold": 2,
          "n_train": 5154,
          "n_val": 2576,
          "n_train_groups": 197,
          "n_val_groups": 98,
          "sample_svd_dim": 256,
          "sample_summary_dim": 5,
          "drug_svd_dim": 96,
          "drug_summary_dim": 5,
          "passthrough_dim": 26,
          "numeric_transform_dim": 388
        }
      ]
    }
  ]
}