{
  "variant": "baseline_numeric",
  "device": "cpu",
  "n_rows": 7730,
  "numeric_dim": 20394,
  "categorical_dim": 0,
  "auxiliary_dim": 0,
  "sample_dim_detected": 18320,
  "sample_dim_used": 18311,
  "context_summary": {
    "variant": "baseline_numeric",
    "matched_rows": 0,
    "unmatched_rows": 7730,
    "match_rate": 0.0,
    "categorical_columns": [],
    "auxiliary_columns": []
  },
  "models": [
    {
      "model": "WideDeep",
      "variant": "baseline_numeric",
      "spearman_mean": 0.30860202365153205,
      "spearman_std": 0.04976113655274665,
      "rmse_mean": 2.499710249589921,
      "rmse_std": 0.07429296951198977,
      "mae_mean": 1.9192204872767131,
      "mae_std": 0.07080806311559049,
      "ndcg@20_mean": 0.7248240607038001,
      "ndcg@20_std": 0.18525136881001703,
      "pearson_mean": 0.3684377272923787,
      "r2_mean": 0.08489771684010823,
      "r2_std": 0.07547778851136161,
      "train_spearman_mean": 0.7539033458230785,
      "gap_spearman_mean": 0.4453013221715465,
      "elapsed_sec": 38.21002817153931,
      "folds": [
        {
          "rmse": 2.5755593220168755,
          "mae": 1.913434624671936,
          "spearman": 0.363207047147312,
          "pearson": 0.4076513648033142,
          "r2": 0.13857078552246094,
          "ndcg@20": 0.8314592431996687,
          "train_spearman": 0.7724797280256847,
          "train_rmse": 1.3823382324025846,
          "train_mae": 1.027503490447998,
          "gap_spearman": 0.40927268087837265,
          "gap_rmse": 1.193221089614291,
          "gap_mae": 0.885931134223938,
          "fold": 0,
          "n_train": 5153,
          "n_val": 2577,
          "n_train_groups": 197,
          "n_val_groups": 98,
          "numeric_transform_dim": 20394
        },
        {
          "rmse": 2.4270778759634415,
          "mae": 1.85148286819458,
          "spearman": 0.26581115279784623,
          "pearson": 0.25821077823638916,
          "r2": -0.0014055967330932617,
          "ndcg@20": 0.5109145237159267,
          "train_spearman": 0.7862198676275685,
          "train_rmse": 1.4584381429157103,
          "train_mae": 1.1105366945266724,
          "gap_spearman": 0.5204087148297223,
          "gap_rmse": 0.9686397330477312,
          "gap_mae": 0.7409461736679077,
          "fold": 1,
          "n_train": 5153,
          "n_val": 2577,
          "n_train_groups": 196,
          "n_val_groups": 99,
          "numeric_transform_dim": 20394
        },
        {
          "rmse": 2.496493550789447,
          "mae": 1.992743968963623,
          "spearman": 0.29678787100943793,
          "pearson": 0.43945103883743286,
          "r2": 0.11752796173095703,
          "ndcg@20": 0.832098415195805,
          "train_spearman": 0.7030104418159824,
          "train_rmse": 1.6764621729487013,
          "train_mae": 1.2979819774627686,
          "gap_spearman": 0.40622257080654445,
          "gap_rmse": 0.8200313778407458,
          "gap_mae": 0.6947619915008545,
          "fold": 2,
          "n_train": 5154,
          "n_val": 2576,
          "n_train_groups": 197,
          "n_val_groups": 98,
          "numeric_transform_dim": 20394
        }
      ]
    }
  ]
}